Country Name,Country Code,Indicator Name,Indicator Code,1960,1961,1962,1963,1964,1965,1966,1967,1968,1969,1970,1971,1972,1973,1974,1975,1976,1977,1978,1979,1980,1981,1982,1983,1984,1985,1986,1987,1988,1989,1990,1991,1992,1993,1994,1995,1996,1997,1998,1999,2000,2001,2002,2003,2004,2005,2006,2007,2008,2009,2010,2011,2012,2013,2014,2015,2016,2017,2018,2019,2020,2021
Aruba,ABW,Bank liquid reserves to bank assets ratio (%),FD.RES.LIQU.AS.ZS,,,,,,,,,,,,,,,,,,,,,,,,,,,,,,,,,,,,,,,,,,,,,,,,,,,,,,,,,,,,,,
Africa Eastern and Southern,AFE,Bank liquid reserves to bank assets ratio (%),FD.RES.LIQU.AS.ZS,,,,,,,,,,,,,,,,,,,,,,,,,,,,,,,,,,,,,,,,,,16.5607499,18.12377198,13.34157559,16.74157289,18.00289673,17.61757266,19.35570521,15.6795501,17.54598279,14.68782468,15.9302751,18.18874493,18.65512612,15.65052264,18.18097627,20.51085908,21.63051857,18.47174017,20.10611088,18.566681,19.1683841
Afghanistan,AFG,Bank liquid reserves to bank assets ratio (%),FD.RES.LIQU.AS.ZS,,,,,,,,,,,,,,,,,,,,,,,,,,,,,,,,,,,,,,,,,,,,,,,18.90995452,17.0167002,33.51616705,37.01698759,34.65872703,67.45983259,65.71570109,60.06361513,73.75483313,70.7065554,83.07985766,97.84893552,70.76263963,69.57862642,86.88746718,
Africa Western and Central,AFW,Bank liquid reserves to bank assets ratio (%),FD.RES.LIQU.AS.ZS,,,,,,,,,,,,,,,,,,,,,,,,,,,,,,,,,,,,,,,,,,13.65192288,16.75896207,17.33761178,17.37911927,19.28233175,18.60440173,20.51118188,17.90791546,19.54381152,20.23541453,20.12706872,17.98412263,24.17750463,20.41900023,23.0248902,16.55045558,14.58544433,18.05689049,17.70075813,16.28215486,16.58165446
Angola,AGO,Bank liquid reserves to bank assets ratio (%),FD.RES.LIQU.AS.ZS,,,,,,,,,,,,,,,,,,,,,,,,,,,,,,,,,,,,,,,,,,24.00029061,19.7141083,23.61714932,28.42941397,41.79260115,36.45489841,47.76457217,37.06525064,37.44774109,48.55612717,38.51060228,32.96017935,32.03529476,35.24616125,34.2831586,31.20286193,32.13955539,28.20636603,32.04525479,35.07119262,55.71814111
Albania,ALB,Bank liquid reserves to bank assets ratio (%),FD.RES.LIQU.AS.ZS,,,,,,,,,,,,,,,,,,,,,,,,,,,,,,,,,,,,,,,,,,28.17969662,26.52430673,28.05449814,27.45911209,23.69498562,21.15081967,18.23749404,15.88085212,14.39432818,14.56792976,13.47817033,13.41164207,13.89347189,13.61330659,18.08360844,18.05108248,17.36724557,17.8285792,15.21553473,19.68037238,18.42990758
Andorra,AND,Bank liquid reserves to bank assets ratio (%),FD.RES.LIQU.AS.ZS,,,,,,,,,,,,,,,,,,,,,,,,,,,,,,,,,,,,,,,,,,,,,,,,,,,,,,,,,,,,,,
Arab World,ARB,Bank liquid reserves to bank assets ratio (%),FD.RES.LIQU.AS.ZS,,,,,,,,,,,,,,,,,,,,,,,,,,,,,,,,,,,,,,,,,,11.75694352,10.52509134,9.824348741,13.43972329,12.02377526,12.61219846,19.0674407,17.79596684,20.18761219,20.64159233,14.53739394,14.12955246,15.04044954,16.18111473,17.66614777,14.4293869,15.93934047,14.81544736,16.01096805,14.61073145,16.02192096
United Arab Emirates,ARE,Bank liquid reserves to bank assets ratio (%),FD.RES.LIQU.AS.ZS,,,,,,,,,,,,,,,,,,,,,,,,,,,,,,,,,,,,,,,,,,11.71464867,9.566314192,9.695319114,11.08861105,9.464345438,9.466906382,28.94278984,9.730449052,12.60847331,13.8135889,13.15859507,14.15066232,14.99695069,14.70276194,16.98740681,14.4293869,15.93934047,14.81544736,15.22725031,14.6088466,16.02192096
Argentina,ARG,Bank liquid reserves to bank assets ratio (%),FD.RES.LIQU.AS.ZS,,,,,,,,,,,,,,,,,,,,,,,,,,,,,,,,,,,,,,,,,,,,,,,,,,,,,,,,,,,,,,
Armenia,ARM,Bank liquid reserves to bank assets ratio (%),FD.RES.LIQU.AS.ZS,,,,,,,,,,,,,,,,,,,,,,,,,,,,,,,,,,,,,,,,,,9.447667299,12.74888263,12.24710308,12.7915992,29.0950623,35.29523896,28.28657974,16.74265415,23.68090319,17.14790025,20.43296031,16.83229516,24.1844887,20.47432584,22.00480175,22.31790193,19.71894691,19.56426848,18.8138258,18.27875597,24.47825986
American Samoa,ASM,Bank liquid reserves to bank assets ratio (%),FD.RES.LIQU.AS.ZS,,,,,,,,,,,,,,,,,,,,,,,,,,,,,,,,,,,,,,,,,,,,,,,,,,,,,,,,,,,,,,
Antigua and Barbuda,ATG,Bank liquid reserves to bank assets ratio (%),FD.RES.LIQU.AS.ZS,,,,,,,,,,,,,,,,,,,,,,,,,,,,,,,,,,,,,,,,,,9.797627606,7.851582899,8.927185759,9.500896501,7.414420229,8.05625286,6.331041186,6.078789052,5.482482001,7.430626819,8.519246316,10.11757586,12.37865025,16.54928687,17.71406848,17.37476034,13.41151551,13.63014737,14.41136667,13.20751708,19.48710477
Australia,AUS,Bank liquid reserves to bank assets ratio (%),FD.RES.LIQU.AS.ZS,,,,,,,,,,,,,,,,,,,,,,,,,,,,,,,,,,,,,,,,,,1.196880766,1.030818135,0.849434517,0.728924298,0.755812335,0.608766379,0.922033931,1.536216203,0.686605226,0.510214186,0.492176094,0.466271572,1.213187377,1.057941151,1.002905585,0.952285065,1.015501206,1.02149048,1.490224656,4.253643493,16.47284875
Austria,AUT,Bank liquid reserves to bank assets ratio (%),FD.RES.LIQU.AS.ZS,,,,,,,,,,,,,,,,,,,,,,,,,,,,,,,,,,,,,,,,,,,,,,,,,,,,,,,,,,,,,,
Azerbaijan,AZE,Bank liquid reserves to bank assets ratio (%),FD.RES.LIQU.AS.ZS,,,,,,,,,,,,,,,,,,,,,,,,,,,,,,,,,,,,,,,,,,11.42560569,11.33141719,12.00061627,31.81623074,21.00030465,31.12565689,17.36974892,11.83393665,7.775674029,10.25097036,12.05799441,10.05831729,7.223021849,7.509675757,12.82224769,37.93715649,30.52960152,26.57782913,23.40823469,26.1986102,28.152646
Burundi,BDI,Bank liquid reserves to bank assets ratio (%),FD.RES.LIQU.AS.ZS,,,,,,,,,,,,,,,,,,,,,,,,,,,,,,,,,,,,,,,,,,4.555149944,3.716770285,4.236112597,7.429714161,18.03834666,16.27127669,12.26425678,13.88231061,17.57994977,12.76066658,6.369791258,11.2827998,11.78622044,14.56689631,11.33562017,18.4202788,26.90997249,19.17343169,21.83139547,18.66498667,
Belgium,BEL,Bank liquid reserves to bank assets ratio (%),FD.RES.LIQU.AS.ZS,,,,,,,,,,,,,,,,,,,,,,,,,,,,,,,,,,,,,,,,,,,,,,,,,,,,,,,,,,,,,,
Benin,BEN,Bank liquid reserves to bank assets ratio (%),FD.RES.LIQU.AS.ZS,,,,,,,,,,,,,,,,,,,,,,,,,,,,,,,,,,,,,,,,,,19.2293773,22.68396909,17.33761178,17.37911927,14.30134634,11.23813256,14.3458937,17.1927781,13.691289,11.93120328,7.587233515,5.848507397,5.038182364,5.344850219,6.007560791,5.331949222,6.995234825,4.490278677,4.606836431,9.003214244,9.526597579
Burkina Faso,BFA,Bank liquid reserves to bank assets ratio (%),FD.RES.LIQU.AS.ZS,,,,,,,,,,,,,,,,,,,,,,,,,,,,,,,,,,,,,,,,,,8.474430145,7.731212595,12.02804334,11.8938093,7.094824944,8.30248743,11.97873169,11.90973394,7.922191731,9.571150112,9.650200522,7.541791223,6.759570398,5.761747793,5.784291857,4.917877752,4.968780259,5.751311173,5.406784071,8.572917192,10.82771413
Bangladesh,BGD,Bank liquid reserves to bank assets ratio (%),FD.RES.LIQU.AS.ZS,,,,,,,,,,,,,,,,,,,,,,,,,,,,,,,,,,,,,,,,,,11.71259653,10.02654044,9.884826459,9.393321905,10.15258264,10.30050159,10.27729929,9.906899644,11.13147135,9.71767499,10.92967974,11.2688999,12.06440908,10.63218151,13.74929376,14.728175,11.47018737,9.007748478,8.872497828,10.11380832,8.489644671
Bulgaria,BGR,Bank liquid reserves to bank assets ratio (%),FD.RES.LIQU.AS.ZS,,,,,,,,,,,,,,,,,,,,,,,,,,,,,,,,,,,,,,,,,,9.452156305,10.56398396,11.15692025,13.04721338,12.26017897,13.43007438,14.696099,10.65026545,9.73901952,11.25706226,11.16500484,13.38234319,11.80002457,13.48603747,26.06946347,24.58376259,22.42472916,22.38653861,18.11089423,29.22625289,27.87523504
Bahrain,BHR,Bank liquid reserves to bank assets ratio (%),FD.RES.LIQU.AS.ZS,,,,,,,,,,,,,,,,,,,,,,,,,,,,,,,,,,,,,,,,,,,,,,,,,,,,,,,,,,,,,,
"Bahamas, The",BHS,Bank liquid reserves to bank assets ratio (%),FD.RES.LIQU.AS.ZS,,,,,,,,,,,,,,,,,,,,,,,,,,,,,,,,,,,,,,,,,,,,,,,,,,,0.74835652,0.738376605,0.770857025,0.954382981,2.114695594,3.229831139,6.723464052,7.574872294,6.763435173,9.79407052,11.6938017,
Bosnia and Herzegovina,BIH,Bank liquid reserves to bank assets ratio (%),FD.RES.LIQU.AS.ZS,,,,,,,,,,,,,,,,,,,,,,,,,,,,,,,,,,,,,,,,,,18.64698119,10.54135933,15.1239118,20.08498459,23.2357937,27.13317495,26.47847606,19.6892191,21.55617349,21.767357,19.89796398,19.03621196,21.04159764,22.13070125,23.98166919,25.3163384,27.39999993,27.5275525,26.82073411,29.29603075,34.08751203
Belarus,BLR,Bank liquid reserves to bank assets ratio (%),FD.RES.LIQU.AS.ZS,,,,,,,,,,,,,,,,,,,,,,,,,,,,,,,,,,,,,,,,,,10.87439162,9.837950903,10.68712635,10.29442416,13.99762295,10.53679879,8.411111528,6.909982258,4.847954393,18.86834097,31.81448611,23.64487471,17.99528868,16.97511057,18.32139513,19.22498043,17.14626618,12.41932015,14.71090279,11.00892459,12.60961578
Belize,BLZ,Bank liquid reserves to bank assets ratio (%),FD.RES.LIQU.AS.ZS,,,,,,,,,,,,,,,,,,,,,,,,,,,,,,,,,,,,,,,,,,11.19814454,8.346788187,8.776912986,9.017532825,10.10330804,12.29656716,10.44451844,11.73476787,13.78726906,13.11935742,15.22556691,17.75470484,21.06491908,26.38152072,32.09348634,31.1551564,24.5781251,19.46462755,19.69985523,24.10669492,23.40798508
Bermuda,BMU,Bank liquid reserves to bank assets ratio (%),FD.RES.LIQU.AS.ZS,,,,,,,,,,,,,,,,,,,,,,,,,,,,,,,,,,,,,,,,,,,,,,,,,,,,,,,,,,,,,,
Bolivia,BOL,Bank liquid reserves to bank assets ratio (%),FD.RES.LIQU.AS.ZS,,,,,,,,,,,,,,,,,,,,,,,,,,,,,,,,,,,,,,,,,,5.735509767,6.270144137,5.560148965,6.145485126,6.922707989,11.91945822,23.13292867,35.18293071,33.26951724,23.93282831,30.16046318,30.88884335,27.90888208,27.64047659,27.09736529,17.22318201,17.79579816,16.13810649,16.67019386,21.6511903,23.26149861
Brazil,BRA,Bank liquid reserves to bank assets ratio (%),FD.RES.LIQU.AS.ZS,,,,,,,,,,,,,,,,,,,,,,,,,,,,,,,,,,,,,,,,,,35.32011394,38.88784305,29.7757874,24.91579179,20.69439935,18.46563483,24.22872658,23.51353538,28.66654612,26.78335748,25.25416242,25.06733701,21.67787113,24.27328316,25.09144751,29.55199625,32.416771,30.79615913,26.09136225,27.30857344,20.78059519
Barbados,BRB,Bank liquid reserves to bank assets ratio (%),FD.RES.LIQU.AS.ZS,,,,,,,,,,,,,,,,,,,,,,,,,,,,,,,,,,,,,,,,,,7.312367342,10.34819765,13.35783635,5.762215807,3.894452832,5.245410301,7.345380326,6.482881452,7.070523366,,,9.262631478,9.512591779,10.80093915,14.16354457,18.21007212,16.75669669,21.81264052,25.95844519,,
Brunei Darussalam,BRN,Bank liquid reserves to bank assets ratio (%),FD.RES.LIQU.AS.ZS,,,,,,,,,,,,,,,,,,,,,,,,,,,,,,,,,,,,,,,,,,4.913517745,5.098288209,5.14170804,5.070827193,5.246762668,5.745660461,5.180455819,5.592037574,5.794093815,5.50780295,9.255784663,10.71946653,11.15199844,10.82426126,13.08441141,12.88961095,10.73963245,9.875983281,14.27989231,10.62859842,
Bhutan,BTN,Bank liquid reserves to bank assets ratio (%),FD.RES.LIQU.AS.ZS,,,,,,,,,,,,,,,,,,,,,,,,,,,,,,,,,,,,,,,,,,61.98650826,60.04721545,61.57685222,58.25374246,76.75128868,58.89994839,68.0861334,70.35018372,81.87551002,68.68225899,33.08684419,24.22924481,29.14869288,46.50080158,26.18424979,32.07429132,26.23857442,18.8191265,19.87788871,38.03615182,
Botswana,BWA,Bank liquid reserves to bank assets ratio (%),FD.RES.LIQU.AS.ZS,,,,,,,,,,,,,,,,,,,,,,,,,,,,,,,,,,,,,,,,,,30.41060538,28.39482871,32.47558073,34.76696766,42.92368622,102.2782697,96.71749104,70.28596769,73.92775322,68.01415772,40.17308629,30.26852302,21.82264112,17.06636643,21.97363197,20.98257083,14.88624303,17.79224255,18.82349279,16.55037255,7.934905737
Central African Republic,CAF,Bank liquid reserves to bank assets ratio (%),FD.RES.LIQU.AS.ZS,,,,,,,,,,,,,,,,,,,,,,,,,,,,,,,,,,,,,,,,,,1.638383915,3.055838148,3.565873829,3.393096241,12.50865607,4.292849275,11.71779505,12.40364316,31.2654735,20.45079761,8.391012379,7.930548468,11.93606808,16.29931277,18.23890804,13.76509076,21.88941354,24.45468541,19.78056526,,
Canada,CAN,Bank liquid reserves to bank assets ratio (%),FD.RES.LIQU.AS.ZS,,,,,,,,,,,,,,,,,,,,,,,,,,,,,,,,,,,,,,,,,,0.39356014,0.370909679,0.313276168,0.309264149,0.282653271,0.2813996,0.3063112,0.229613786,,,,,,,,,,,,,
Central Europe and the Baltics,CEB,Bank liquid reserves to bank assets ratio (%),FD.RES.LIQU.AS.ZS,,,,,,,,,,,,,,,,,,,,,,,,,,,,,,,,,,,,,,,,,,18.35259477,18.71639361,16.49264316,16.42750557,17.46385245,15.69756207,13.47731306,11.30699686,15.76166834,15.22373689,15.52397826,19.03346325,20.02345156,19.56624879,24.08490369,20.56230601,22.12975098,19.58294506,17.53314459,24.16635494,28.56861293
Switzerland,CHE,Bank liquid reserves to bank assets ratio (%),FD.RES.LIQU.AS.ZS,,,,,,,,,,,,,,,,,,,,,,,,,,,,,,,,,,,,,,,,,,,,,,,,,,,,,,,,,,,,,,
Channel Islands,CHI,Bank liquid reserves to bank assets ratio (%),FD.RES.LIQU.AS.ZS,,,,,,,,,,,,,,,,,,,,,,,,,,,,,,,,,,,,,,,,,,,,,,,,,,,,,,,,,,,,,,
Chile,CHL,Bank liquid reserves to bank assets ratio (%),FD.RES.LIQU.AS.ZS,,,,,,,,,,,,,,,,,,,,,,,,,,,,,,,,,,,,,,,,,,16.49713412,19.34312316,17.31916109,16.61943864,13.89720777,12.35016454,9.28743338,11.14011963,15.02159678,13.05786556,15.03750441,12.98414049,10.61157842,10.1529766,10.42495385,10.77098515,10.46574783,9.788465855,10.97632218,18.12563859,17.75090372
China,CHN,Bank liquid reserves to bank assets ratio (%),FD.RES.LIQU.AS.ZS,,,,,,,,,,,,,,,,,,,,,,,,,,,,,,,,,,,,,,,,,,,,,,,,,,,,,,,,,,,,,,
Cote d'Ivoire,CIV,Bank liquid reserves to bank assets ratio (%),FD.RES.LIQU.AS.ZS,,,,,,,,,,,,,,,,,,,,,,,,,,,,,,,,,,,,,,,,,,6.081005646,6.555525934,10.04120064,13.94309327,8.466892838,2.294856817,8.680295973,9.774829255,11.13064977,10.13642227,22.89309069,13.03167437,12.96578058,14.45512443,14.40532852,9.995650266,8.492537842,10.32429433,14.060765,16.28215486,19.97915089
Cameroon,CMR,Bank liquid reserves to bank assets ratio (%),FD.RES.LIQU.AS.ZS,,,,,,,,,,,,,,,,,,,,,,,,,,,,,,,,,,,,,,,,,,20.32642218,30.08760993,22.78490854,28.37427274,28.72713822,39.24364049,45.45428963,36.02979935,38.40389498,40.37769912,31.92813106,36.51482558,27.90389517,27.91846721,23.0632994,17.72384188,18.83112625,20.61826255,22.78963066,,
"Congo, Dem. Rep.",COD,Bank liquid reserves to bank assets ratio (%),FD.RES.LIQU.AS.ZS,,,,,,,,,,,,,,,,,,,,,,,,,,,,,,,,,,,,,,,,,,12.05483832,6.015059312,5.644325587,7.037632986,9.29865344,12.60993356,19.50322338,13.52267953,8.687727916,11.00649182,14.28090787,14.92183178,14.97009924,13.77877433,14.15031374,10.83320243,8.48490764,11.74970125,16.26097127,8.093721393,11.57125976
"Congo, Rep.",COG,Bank liquid reserves to bank assets ratio (%),FD.RES.LIQU.AS.ZS,,,,,,,,,,,,,,,,,,,,,,,,,,,,,,,,,,,,,,,,,,23.54021835,22.00395867,37.73082632,42.76006691,64.96793349,53.45226207,69.00666851,109.499332,63.29595435,51.68673686,64.83348083,59.66325965,30.84308763,72.09891059,31.01747274,16.98627762,13.56645465,17.1421261,18.60683046,,
Colombia,COL,Bank liquid reserves to bank assets ratio (%),FD.RES.LIQU.AS.ZS,,,,,,,,,,,,,,,,,,,,,,,,,,,,,,,,,,,,,,,,,,5.349311282,5.927355718,6.764155095,6.686325809,7.125838114,5.771301818,6.926243002,7.956288375,8.623417561,7.791056527,7.62142509,7.895374354,8.060873116,6.670060739,6.5852169,6.203970328,5.697404355,6.087427254,6.347953003,6.645718894,5.775956728
Comoros,COM,Bank liquid reserves to bank assets ratio (%),FD.RES.LIQU.AS.ZS,,,,,,,,,,,,,,,,,,,,,,,,,,,,,,,,,,,,,,,,,,69.68091343,105.6830745,102.6634873,125.7158127,80.00938107,57.22529353,63.42031956,55.23598491,60.89393485,48.31659578,51.85879938,59.81813493,36.27715381,45.76013689,41.19146281,34.91137833,34.8615485,42.24992118,40.40562851,62.22994496,
Cabo Verde,CPV,Bank liquid reserves to bank assets ratio (%),FD.RES.LIQU.AS.ZS,,,,,,,,,,,,,,,,,,,,,,,,,,,,,,,,,,,,,,,,,,29.70376633,33.6233921,32.94404887,32.29811778,30.22197997,33.78638676,33.17009668,30.08270508,23.66913638,21.77364784,14.9253111,21.60817176,24.9838495,31.74779912,30.44173632,37.11397309,34.60297184,35.90430596,43.77667895,41.08582164,35.57997764
Costa Rica,CRI,Bank liquid reserves to bank assets ratio (%),FD.RES.LIQU.AS.ZS,,,,,,,,,,,,,,,,,,,,,,,,,,,,,,,,,,,,,,,,,,24.44831284,26.59810201,24.77036253,28.28411561,25.67761511,28.24798358,23.68836793,18.18896788,20.81961735,19.33781599,20.22102955,21.49385096,22.74370214,20.21252106,20.35888989,19.57168384,19.30747274,20.17806885,21.21979681,20.60154884,22.22670034
Caribbean small states,CSS,Bank liquid reserves to bank assets ratio (%),FD.RES.LIQU.AS.ZS,,,,,,,,,,,,,,,,,,,,,,,,,,,,,,,,,,,,,,,,,,10.49788607,10.65497092,10.42951492,9.284884546,8.3171275,8.852202971,9.783259099,8.700947059,8.034703985,10.90972313,12.35005613,11.76656733,12.76634328,15.16218846,16.19148295,18.21007212,16.75669669,17.54686953,19.16511803,20.26543821,19.85365787
Cuba,CUB,Bank liquid reserves to bank assets ratio (%),FD.RES.LIQU.AS.ZS,,,,,,,,,,,,,,,,,,,,,,,,,,,,,,,,,,,,,,,,,,,,,,,,,,,,,,,,,,,,,,
Curacao,CUW,Bank liquid reserves to bank assets ratio (%),FD.RES.LIQU.AS.ZS,,,,,,,,,,,,,,,,,,,,,,,,,,,,,,,,,,,,,,,,,,,,,,,,,,,,,,,,,,,,,,
Cayman Islands,CYM,Bank liquid reserves to bank assets ratio (%),FD.RES.LIQU.AS.ZS,,,,,,,,,,,,,,,,,,,,,,,,,,,,,,,,,,,,,,,,,,,,,,,,,,,,,,,,,,,,,,
Cyprus,CYP,Bank liquid reserves to bank assets ratio (%),FD.RES.LIQU.AS.ZS,,,,,,,,,,,,,,,,,,,,,,,,,,,,,,,,,,,,,,,,,,,,,,,,,,,,,,,,,,,,,,
Czech Republic,CZE,Bank liquid reserves to bank assets ratio (%),FD.RES.LIQU.AS.ZS,,,,,,,,,,,,,,,,,,,,,,,,,,,,,,,,,,,,,,,,,,22.48605867,40.86877225,39.92884496,31.49092686,24.03128892,17.96504975,12.25852713,11.83435077,15.22474488,15.40755184,14.40952464,13.80150366,22.28237214,22.27263092,27.21369653,37.47611757,63.97456292,60.93417912,61.29653138,55.8167545,52.71978719
Germany,DEU,Bank liquid reserves to bank assets ratio (%),FD.RES.LIQU.AS.ZS,,,,,,,,,,,,,,,,,,,,,,,,,,,,,,,,,,,,,,,,,,,,,,,,,,,,,,,,,,,,,,
Djibouti,DJI,Bank liquid reserves to bank assets ratio (%),FD.RES.LIQU.AS.ZS,,,,,,,,,,,,,,,,,,,,,,,,,,,,,,,,,,,,,,,,,,,1.725532336,4.929345073,2.062600172,1.137022879,1.867794882,2.322763228,2.243390488,2.244516701,4.72311295,6.092870921,6.770122821,8.239389418,8.783962397,7.11459381,8.316430795,13.75114941,8.885462129,10.94709161,13.49059445,9.913931586
Dominica,DMA,Bank liquid reserves to bank assets ratio (%),FD.RES.LIQU.AS.ZS,,,,,,,,,,,,,,,,,,,,,,,,,,,,,,,,,,,,,,,,,,9.664160666,14.72240346,11.88020687,8.330040664,8.678447468,9.648153082,12.8905363,7.227751996,7.498964556,8.434261984,10.29515188,11.76656733,12.76634328,13.37074097,16.19148295,29.82640757,20.74375486,16.9617464,19.16511803,19.00208315,20.22021096
Denmark,DNK,Bank liquid reserves to bank assets ratio (%),FD.RES.LIQU.AS.ZS,,,,,,,,,,,,,,,,,,,,,,,,,,,,,,,,,,,,,,,,,,5.306539471,7.514755165,5.982099809,5.697945453,6.185465091,4.298928295,4.302002048,2.789395278,3.86251147,2.761453456,3.280628258,5.412068933,4.340612842,2.869696974,2.680534869,3.675332943,3.525880811,3.972882981,3.824275884,2.526578086,2.615958869
Dominican Republic,DOM,Bank liquid reserves to bank assets ratio (%),FD.RES.LIQU.AS.ZS,,,,,,,,,,,,,,,,,,,,,,,,,,,,,,,,,,,,,,,,,,17.37125725,16.66600869,37.66118202,51.56378465,53.52903721,45.67097543,39.42254346,37.87127852,41.60121261,44.02210231,45.94162346,43.31232702,40.97122973,36.09711628,33.61559529,34.81490609,33.78086155,31.42947227,34.99627395,42.7480862,52.45729829
Algeria,DZA,Bank liquid reserves to bank assets ratio (%),FD.RES.LIQU.AS.ZS,,,,,,,,,,,,,,,,,,,,,,,,,,,,,,,,,,,,,,,,,,34.4854291,43.38840546,60.00097116,60.21335008,52.6899546,73.17686302,99.92188308,115.7186398,84.9693732,86.03916627,83.35074986,73.99407014,59.29100682,49.29128864,33.08984238,17.46490177,23.15590368,22.99509724,17.45854683,14.6126163,25.03722051
East Asia & Pacific (excluding high income),EAP,Bank liquid reserves to bank assets ratio (%),FD.RES.LIQU.AS.ZS,,,,,,,,,,,,,,,,,,,,,,,,,,,,,,,,,,,,,,,,,,16.54085163,15.95462666,18.80786802,23.42791628,18.20320039,20.01333417,19.57285089,16.86784833,24.48386987,29.7122898,32.26404571,26.28757222,22.4230111,21.92555906,20.95883638,23.00248636,24.30332325,22.71460264,23.83486663,28.33349373,27.28941473
Early-demographic dividend,EAR,Bank liquid reserves to bank assets ratio (%),FD.RES.LIQU.AS.ZS,,,,,,,,,,,,,,,,,,,,,,,,,,,,,,,,,,,,,,,,,,16.54085163,16.87858375,17.99315902,20.2412096,18.75610142,19.14963865,18.74942308,20.88144199,23.67103884,24.5807447,23.20939954,21.60817176,21.71432569,22.00112091,22.83092358,21.55530279,22.96077614,22.06562174,21.43984052,24.10669492,25.03722051
East Asia & Pacific,EAS,Bank liquid reserves to bank assets ratio (%),FD.RES.LIQU.AS.ZS,,,,,,,,,,,,,,,,,,,,,,,,,,,,,,,,,,,,,,,,,,,13.5538596,15.36358167,14.99275192,12.66093127,13.11199903,13.95863147,13.30263796,22.59789645,21.81093743,21.74765469,18.7132225,17.84173199,17.94078442,19.59032095,18.9408024,19.56550129,17.98982971,18.1261409,21.692032,
Europe & Central Asia (excluding high income),ECA,Bank liquid reserves to bank assets ratio (%),FD.RES.LIQU.AS.ZS,,,,,,,,,,,,,,,,,,,,,,,,,,,,,,,,,,,,,,,,,,11.75060676,11.33141719,13.7350531,17.55875167,18.66268744,18.46072862,17.36974892,14.74578302,14.39432818,14.56792976,19.53168039,16.83229516,17.92909213,15.63125247,19.8961542,22.31790193,19.73472197,19.56426848,19.01130308,20.78118603,24.35770145
Europe & Central Asia,ECS,Bank liquid reserves to bank assets ratio (%),FD.RES.LIQU.AS.ZS,,,,,,,,,,,,,,,,,,,,,,,,,,,,,,,,,,,,,,,,,,,,,,,,,,,,,,,,,,,,,,
Ecuador,ECU,Bank liquid reserves to bank assets ratio (%),FD.RES.LIQU.AS.ZS,,,,,,,,,,,,,,,,,,,,,,,,,,,,,,,,,,,,,,,,,,3.773903278,4.971489811,3.488758216,3.698019827,3.945156623,3.964050942,4.269111334,6.317503448,6.695947303,5.103705624,4.929525065,6.540369264,9.800602844,6.993346576,5.532865668,12.59637794,8.950486371,6.666974741,6.583366357,12.10618775,9.609605589
"Egypt, Arab Rep.",EGY,Bank liquid reserves to bank assets ratio (%),FD.RES.LIQU.AS.ZS,,,,,,,,,,,,,,,,,,,,,,,,,,,,,,,,,,,,,,,,,,22.6076147,21.86849546,32.13742562,32.44639263,33.3785449,34.04603042,44.85215987,36.51031943,34.16051038,33.3083124,16.76182063,13.45001444,26.79247251,29.28807142,37.93851983,40.46344356,50.11468595,52.017627,49.44078285,31.24032924,46.92691187
Euro area,EMU,Bank liquid reserves to bank assets ratio (%),FD.RES.LIQU.AS.ZS,,,,,,,,,,,,,,,,,,,,,,,,,,,,,,,,,,,,,,,,,,,,,,,,,,,,,,,,,,,,,,
Eritrea,ERI,Bank liquid reserves to bank assets ratio (%),FD.RES.LIQU.AS.ZS,,,,,,,,,,,,,,,,,,,,,,,,,,,,,,,,,,,,,,,,,,44.9738043,44.25073284,42.89224689,37.21886032,39.39979894,45.67986523,58.85065593,74.42968667,76.64514435,72.25870616,55.48962991,51.52197861,79.45232774,84.87585101,,,,,,,
Spain,ESP,Bank liquid reserves to bank assets ratio (%),FD.RES.LIQU.AS.ZS,,,,,,,,,,,,,,,,,,,,,,,,,,,,,,,,,,,,,,,,,,,,,,,,,,,,,,,,,,,,,,
Estonia,EST,Bank liquid reserves to bank assets ratio (%),FD.RES.LIQU.AS.ZS,,,,,,,,,,,,,,,,,,,,,,,,,,,,,,,,,,,,,,,,,,,,,,,,,,,,,,,,,,,,,,
Ethiopia,ETH,Bank liquid reserves to bank assets ratio (%),FD.RES.LIQU.AS.ZS,,,,,,,,,,,,,,,,,,,,,,,,,,,,,,,,,,,,,,,,,,,,,,,,,,,,,,,,,,,,,,
European Union,EUU,Bank liquid reserves to bank assets ratio (%),FD.RES.LIQU.AS.ZS,,,,,,,,,,,,,,,,,,,,,,,,,,,,,,,,,,,,,,,,,,,,,,,,,,,,,,,,,,,,,,
Fragile and conflict affected situations,FCS,Bank liquid reserves to bank assets ratio (%),FD.RES.LIQU.AS.ZS,,,,,,,,,,,,,,,,,,,,,,,,,,,,,,,,,,,,,,,,,,19.3081318,18.02790951,19.0679643,22.9257199,19.81093227,18.90995452,21.7759111,19.56482346,25.70739845,21.67318429,27.12865012,20.64195061,23.52114755,23.59048084,23.0632994,18.07206034,22.39530073,21.18000593,22.58645253,24.84180876,
Finland,FIN,Bank liquid reserves to bank assets ratio (%),FD.RES.LIQU.AS.ZS,,,,,,,,,,,,,,,,,,,,,,,,,,,,,,,,,,,,,,,,,,,,,,,,,,,,,,,,,,,,,,
Fiji,FJI,Bank liquid reserves to bank assets ratio (%),FD.RES.LIQU.AS.ZS,,,,,,,,,,,,,,,,,,,,,,,,,,,,,,,,,,,,,,,,,,16.51570294,13.5538596,18.59525491,14.33561032,9.291783101,10.31689215,17.36760235,7.984097705,14.67699956,18.96254706,23.437611,24.80378303,23.24001194,20.78734001,18.42821085,16.57778964,18.62362807,15.530363,18.04242876,21.56338552,34.41177624
France,FRA,Bank liquid reserves to bank assets ratio (%),FD.RES.LIQU.AS.ZS,,,,,,,,,,,,,,,,,,,,,,,,,,,,,,,,,,,,,,,,,,,,,,,,,,,,,,,,,,,,,,
Faroe Islands,FRO,Bank liquid reserves to bank assets ratio (%),FD.RES.LIQU.AS.ZS,,,,,,,,,,,,,,,,,,,,,,,,,,,,,,,,,,,,,,,,,,,,,,,,,,,,,,,,,,,,,,
"Micronesia, Fed. Sts.",FSM,Bank liquid reserves to bank assets ratio (%),FD.RES.LIQU.AS.ZS,,,,,,,,,,,,,,,,,,,,,,,,,,,,,,,,,,,,,,,,,,,,,,,,,,,,,,,,,,,,,,
Gabon,GAB,Bank liquid reserves to bank assets ratio (%),FD.RES.LIQU.AS.ZS,,,,,,,,,,,,,,,,,,,,,,,,,,,,,,,,,,,,,,,,,,6.056165336,7.877586792,13.83148816,16.91146723,23.93615905,25.54258054,18.74942308,50.94932873,40.25033875,51.99900586,52.5901106,44.73352418,26.10908066,29.05267291,34.80845224,21.33705207,15.60443402,23.82762761,26.10967846,,
United Kingdom,GBR,Bank liquid reserves to bank assets ratio (%),FD.RES.LIQU.AS.ZS,,,,,,,,,,,,,,,,,,,,,,,,,,,,,,,,,,,,,,,,,,,,,,,,,,,,,,,,,,,,,,
Georgia,GEO,Bank liquid reserves to bank assets ratio (%),FD.RES.LIQU.AS.ZS,,,,,,,,,,,,,,,,,,,,,,,,,,,,,,,,,,,,,,,,,,11.75060676,14.89170413,14.38578452,19.11947879,13.11781811,22.96317513,18.28545928,8.396793728,13.08546904,12.94470967,21.26195784,21.87229182,22.33623862,20.61352788,17.47583856,18.25525514,15.85459255,16.60554691,15.53766405,15.90115899,14.25676216
Ghana,GHA,Bank liquid reserves to bank assets ratio (%),FD.RES.LIQU.AS.ZS,,,,,,,,,,,,,,,,,,,,,,,,,,,,,,,,,,,,,,,,,,12.17579061,8.995033575,29.86163173,25.41256449,18.45668376,19.76136144,18.45203923,31.92021624,19.03556207,23.32670898,25.24739737,26.0915392,24.87303256,22.00112091,23.0248902,29.12227603,27.91413182,29.46050013,34.63905421,33.12330441,39.24841579
Gibraltar,GIB,Bank liquid reserves to bank assets ratio (%),FD.RES.LIQU.AS.ZS,,,,,,,,,,,,,,,,,,,,,,,,,,,,,,,,,,,,,,,,,,,,,,,,,,,,,,,,,,,,,,
Guinea,GIN,Bank liquid reserves to bank assets ratio (%),FD.RES.LIQU.AS.ZS,,,,,,,,,,,,,,,,,,,,,,,,,,,,,,,,,,,,,,,,,,,,,,,,,,,,,43.27526445,43.82617404,47.47318733,35.43407389,40.59263843,36.79746077,33.26572054,31.71192692,28.52216655,24.27783744
"Gambia, The",GMB,Bank liquid reserves to bank assets ratio (%),FD.RES.LIQU.AS.ZS,,,,,,,,,,,,,,,,,,,,,,,,,,,,,,,,,,,,,,,,,,25.88360929,18.62117161,23.4495041,24.68053004,30.25668953,25.83281935,26.95640187,23.2168308,20.66583266,21.24290712,22.16826413,17.35562376,24.74663235,27.12974957,,,44.31989855,40.56609098,35.15276726,40.79566456,40.54761375
Guinea-Bissau,GNB,Bank liquid reserves to bank assets ratio (%),FD.RES.LIQU.AS.ZS,,,,,,,,,,,,,,,,,,,,,,,,,,,,,,,,,,,,,,,,,,44.64603344,,24.88032405,48.52797393,74.04640634,27.529274,44.4870041,18.62305282,11.19372083,15.31945584,28.72850083,16.5558698,10.82422182,16.97197861,24.59122626,8.323445214,7.067568391,8.802714405,10.85034689,9.473734666,16.46446367
Equatorial Guinea,GNQ,Bank liquid reserves to bank assets ratio (%),FD.RES.LIQU.AS.ZS,,,,,,,,,,,,,,,,,,,,,,,,,,,,,,,,,,,,,,,,,,42.04958434,18.91571164,92.80346789,88.57355788,116.1015165,112.3189532,85.3451265,39.90702155,60.63409043,76.87644712,45.65913052,125.0810944,65.96104964,54.03947179,36.23512893,16.55045558,12.86849667,18.25527099,8.986335054,,
Greece,GRC,Bank liquid reserves to bank assets ratio (%),FD.RES.LIQU.AS.ZS,,,,,,,,,,,,,,,,,,,,,,,,,,,,,,,,,,,,,,,,,,,,,,,,,,,,,,,,,,,,,,
Grenada,GRD,Bank liquid reserves to bank assets ratio (%),FD.RES.LIQU.AS.ZS,,,,,,,,,,,,,,,,,,,,,,,,,,,,,,,,,,,,,,,,,,8.27371425,9.867040288,10.26815702,12.65910452,7.878761567,7.74166554,8.354020621,7.960533909,7.396421412,7.398048589,8.43917051,8.376072686,11.4274457,11.67880435,12.08005771,12.91474941,11.36326094,11.8446519,11.76723665,18.49660342,14.63575394
Greenland,GRL,Bank liquid reserves to bank assets ratio (%),FD.RES.LIQU.AS.ZS,,,,,,,,,,,,,,,,,,,,,,,,,,,,,,,,,,,,,,,,,,,,,,,,,,,,,,,,,,,,,,
Guatemala,GTM,Bank liquid reserves to bank assets ratio (%),FD.RES.LIQU.AS.ZS,,,,,,,,,,,,,,,,,,,,,,,,,,,,,,,,,,,,,,,,,,37.44840416,43.79949968,31.97559502,32.37495887,29.48359919,23.12808058,17.80674706,21.71003292,24.59780786,26.21049457,25.45918902,23.70132239,24.80323859,23.63392778,22.85800582,23.3629918,26.83143893,25.17844342,26.32377243,31.22579432,28.92241609
Guam,GUM,Bank liquid reserves to bank assets ratio (%),FD.RES.LIQU.AS.ZS,,,,,,,,,,,,,,,,,,,,,,,,,,,,,,,,,,,,,,,,,,,,,,,,,,,,,,,,,,,,,,
Guyana,GUY,Bank liquid reserves to bank assets ratio (%),FD.RES.LIQU.AS.ZS,,,,,,,,,,,,,,,,,,,,,,,,,,,,,,,,,,,,,,,,,,22.4407383,24.18573113,26.09306874,26.77079871,26.70420563,25.27251141,16.74968315,15.46443606,21.44955688,24.0420368,18.68391379,18.6713594,18.64233235,16.66064915,18.42939295,22.28568002,20.26765716,22.99316632,22.84447378,33.29258011,27.0688054
High income,HIC,Bank liquid reserves to bank assets ratio (%),FD.RES.LIQU.AS.ZS,,,,,,,,,,,,,,,,,,,,,,,,,,,,,,,,,,,,,,,,,,,,,,,,,,,,,,,,,,,,,,
"Hong Kong SAR, China",HKG,Bank liquid reserves to bank assets ratio (%),FD.RES.LIQU.AS.ZS,,,,,,,,,,,,,,,,,,,,,,,,,,,,,,,,,,,,,,,,,,,,,,,,,3.478668052,9.297784115,7.27886317,6.52436572,7.225894812,6.281937966,6.314837185,7.847549494,7.340482721,6.359047577,5.866154415,6.106661095,7.62012049,7.017970218
Honduras,HND,Bank liquid reserves to bank assets ratio (%),FD.RES.LIQU.AS.ZS,,,,,,,,,,,,,,,,,,,,,,,,,,,,,,,,,,,,,,,,,,17.18186137,20.99672159,17.38671424,21.90742987,26.39244761,24.01033821,19.40435299,18.50207045,20.6696382,29.1796874,28.7202001,24.72856736,25.04358886,26.22105434,26.70942169,27.40245731,29.4035315,24.58228015,24.78002442,34.39754976,31.2492212
Heavily indebted poor countries (HIPC),HPC,Bank liquid reserves to bank assets ratio (%),FD.RES.LIQU.AS.ZS,,,,,,,,,,,,,,,,,,,,,,,,,,,,,,,,,,,,,,,,,,18.44862987,18.64214294,17.38671424,20.54689733,19.32651728,18.99622869,20.70491248,18.56256164,22.15509074,22.06488568,22.65619975,22.35695893,24.17750463,21.86852867,21.8467233,19.52787074,21.88941354,19.29513577,19.78056526,22.03590902,22.11742345
Croatia,HRV,Bank liquid reserves to bank assets ratio (%),FD.RES.LIQU.AS.ZS,,,,,,,,,,,,,,,,,,,,,,,,,,,,,,,,,,,,,,,,,,19.9919463,21.47547409,21.82836607,19.80779776,22.66752593,21.71246988,19.51706214,14.36248748,16.2985918,15.03992194,16.63843188,25.41609799,17.76453098,17.15433283,16.85656491,20.25981657,26.43536396,28.44716531,30.63802953,34.73019538,43.31486213
Haiti,HTI,Bank liquid reserves to bank assets ratio (%),FD.RES.LIQU.AS.ZS,,,,,,,,,,,,,,,,,,,,,,,,,,,,,,,,,,,,,,,,,,63.17908698,57.2715965,69.7841917,82.40974039,71.4393747,82.16320882,73.73358228,71.72325608,63.45488909,93.78365876,80.7572246,67.66746626,62.95812501,60.51354138,65.61814326,73.78658224,80.42118107,73.50593399,78.63204365,81.22274669,88.53423542
Hungary,HUN,Bank liquid reserves to bank assets ratio (%),FD.RES.LIQU.AS.ZS,,,,,,,,,,,,,,,,,,,,,,,,,,,,,,,,,,,,,,,,,,16.71324323,15.95731313,8.843519222,11.5258727,1.123386453,11.31106679,9.001834345,10.77964295,17.81360716,17.3043827,20.72995665,23.81987785,33.79736471,34.18965311,28.20079094,13.46768617,10.78004438,8.292738207,10.47438592,19.10645699,29.26199083
IBRD only,IBD,Bank liquid reserves to bank assets ratio (%),FD.RES.LIQU.AS.ZS,,,,,,,,,,,,,,,,,,,,,,,,,,,,,,,,,,,,,,,,,,15.37150004,14.11165201,15.1490945,17.55875167,19.05551908,18.87518375,18.02212055,16.14994406,20.41661719,19.10307848,20.32699493,19.74810032,19.43731928,18.1715172,20.42679031,20.14192735,19.42310804,18.25527099,18.82349279,21.07806665,22.22670034
IDA & IBRD total,IBT,Bank liquid reserves to bank assets ratio (%),FD.RES.LIQU.AS.ZS,,,,,,,,,,,,,,,,,,,,,,,,,,,,,,,,,,,,,,,,,,16.42884314,15.6265592,15.20154165,17.92724293,18.24751521,17.61757266,18.02212055,15.9715702,20.05206097,20.02003144,19.10779709,19.00508112,19.68497737,19.22559802,20.42679031,20.25981657,20.45119945,19.23428373,19.43248663,21.45187027,22.22670034
IDA total,IDA,Bank liquid reserves to bank assets ratio (%),FD.RES.LIQU.AS.ZS,,,,,,,,,,,,,,,,,,,,,,,,,,,,,,,,,,,,,,,,,,16.54085163,16.69801715,16.68074752,18.91899695,17.96744679,16.19981326,17.91091496,15.57199308,20.05206097,20.12041804,17.61887178,18.6126215,19.72024058,19.51828854,20.55311798,22.02961676,21.88941354,19.29513577,19.78056526,21.99200663,22.94856494
IDA blend,IDB,Bank liquid reserves to bank assets ratio (%),FD.RES.LIQU.AS.ZS,,,,,,,,,,,,,,,,,,,,,,,,,,,,,,,,,,,,,,,,,,17.40277218,13.5538596,15.13256098,14.33561032,9.915011825,10.31689215,12.8905363,9.44136021,12.18715929,12.64853847,11.71999679,16.45726241,17.92909213,19.26249446,18.42821085,17.72384188,18.62362807,16.9617464,18.60683046,19.00208315,19.90838116
Indonesia,IDN,Bank liquid reserves to bank assets ratio (%),FD.RES.LIQU.AS.ZS,,,,,,,,,,,,,,,,,,,,,,,,,,,,,,,,,,,,,,,,,,35.17338023,36.92888393,39.59695748,36.06258142,29.37503431,39.39828793,40.06749754,24.23805325,30.86417458,30.97169455,32.91488334,27.77136141,21.60601027,23.06377812,19.59032095,20.14192735,20.63474173,17.70795874,18.1261409,23.63461066,27.51475821
IDA only,IDX,Bank liquid reserves to bank assets ratio (%),FD.RES.LIQU.AS.ZS,,,,,,,,,,,,,,,,,,,,,,,,,,,,,,,,,,,,,,,,,,16.54085163,17.5844297,16.89267539,20.53143579,18.24751521,18.03915064,18.77917618,17.1927781,21.44955688,21.24290712,20.84997226,18.79059206,20.59650444,19.77408262,20.76210231,22.56809851,22.70358481,22.02391785,20.6463441,23.00301195,23.79777982
Isle of Man,IMN,Bank liquid reserves to bank assets ratio (%),FD.RES.LIQU.AS.ZS,,,,,,,,,,,,,,,,,,,,,,,,,,,,,,,,,,,,,,,,,,,,,,,,,,,,,,,,,,,,,,
India,IND,Bank liquid reserves to bank assets ratio (%),FD.RES.LIQU.AS.ZS,,,,,,,,,,,,,,,,,,,,,,,,,,,,,,,,,,,,,,,,,,,,,,,,,,,,,,,,,,,,,,
Not classified,INX,Bank liquid reserves to bank assets ratio (%),FD.RES.LIQU.AS.ZS,,,,,,,,,,,,,,,,,,,,,,,,,,,,,,,,,,,,,,,,,,,,,,,,,,,,,,,,,,,,,,
Ireland,IRL,Bank liquid reserves to bank assets ratio (%),FD.RES.LIQU.AS.ZS,,,,,,,,,,,,,,,,,,,,,,,,,,,,,,,,,,,,,,,,,,,,,,,,,,,,,,,,,,,,,,
"Iran, Islamic Rep.",IRN,Bank liquid reserves to bank assets ratio (%),FD.RES.LIQU.AS.ZS,,,,,,,,,,,,,,,,,,,,,,,,,,,,,,,,,,,,,,,,,,,,,,,,,,,,,,,,,,,,,,
Iraq,IRQ,Bank liquid reserves to bank assets ratio (%),FD.RES.LIQU.AS.ZS,,,,,,,,,,,,,,,,,,,,,,,,,,,,,,,,,,,,,,,,,,,,,117.625716,135.0933612,94.79931705,152.4124757,188.9466964,141.2234315,162.2301158,158.3781931,115.5778784,99.67928384,79.76028033,81.79301404,83.08448398,80.85539553,81.35219327,75.24442699,58.70085607,68.37740491
Iceland,ISL,Bank liquid reserves to bank assets ratio (%),FD.RES.LIQU.AS.ZS,,,,,,,,,,,,,,,,,,,,,,,,,,,,,,,,,,,,,,,,,,2.572732805,2.796123807,1.098418374,1.724397363,1.197810892,0.935030146,1.824691814,3.833559109,2.979251941,2.866262624,3.579629191,5.271089136,6.175863588,5.0640964,10.71897811,14.28705038,12.89439449,8.900031362,9.832489242,5.742822947,6.92642212
Israel,ISR,Bank liquid reserves to bank assets ratio (%),FD.RES.LIQU.AS.ZS,,,,,,,,,,,,,,,,,,,,,,,,,,,,,,,,,,,,,,,,,,12.94234295,9.585892364,8.647419809,5.354293563,3.400829433,2.704360878,3.866709771,10.07691498,17.96204283,17.68817497,20.6793948,21.40299115,21.88327216,20.39237812,23.26210716,26.46746662,26.90652272,24.1326054,23.77198003,34.71491984,39.62390488
Italy,ITA,Bank liquid reserves to bank assets ratio (%),FD.RES.LIQU.AS.ZS,,,,,,,,,,,,,,,,,,,,,,,,,,,,,,,,,,,,,,,,,,,,,,,,,,,,,,,,,,,,,,
Jamaica,JAM,Bank liquid reserves to bank assets ratio (%),FD.RES.LIQU.AS.ZS,,,,,,,,,,,,,,,,,,,,,,,,,,,,,,,,,,,,,,,,,,41.85846862,39.90905625,36.08921545,39.97459947,32.42910911,32.72667692,25.96788889,25.02206804,24.68090433,27.20321482,21.93070769,19.00508112,18.79895104,19.53050232,33.30141272,34.36263136,24.18418144,21.7684323,18.07214564,21.52879328,
Jordan,JOR,Bank liquid reserves to bank assets ratio (%),FD.RES.LIQU.AS.ZS,,,,,,,,,,,,,,,,,,,,,,,,,,,,,,,,,,,,,,,,,,,,,,,,,,,,,,,32.98809765,33.5165803,25.34914096,23.02036438,19.43222755,20.2637575,20.14420968,22.64119953
Japan,JPN,Bank liquid reserves to bank assets ratio (%),FD.RES.LIQU.AS.ZS,,,,,,,,,,,,,,,,,,,,,,,,,,,,,,,,,,,,,,,,,,1.834736159,2.7445429,3.797889553,4.228784232,4.374996457,1.81307106,1.819941105,2.399931914,2.8493314,3.034646666,4.415213891,5.297951363,10.82468011,17.36651409,23.98753603,29.2765946,31.31446809,32.51659834,32.29559085,37.96833472,40.50203331
Kazakhstan,KAZ,Bank liquid reserves to bank assets ratio (%),FD.RES.LIQU.AS.ZS,,,,,,,,,,,,,,,,,,,,,,,,,,,,,,,,,,,,,,,,,,10.43522368,7.479559214,12.03834001,18.2957342,7.689425239,16.39719664,7.915856077,5.407397574,11.44999757,12.02981087,8.537069144,6.506002518,6.081913431,10.53631439,21.55396093,26.34737664,28.7858506,33.05840201,30.49118469,43.01511151,32.16440284
Kenya,KEN,Bank liquid reserves to bank assets ratio (%),FD.RES.LIQU.AS.ZS,,,,,,,,,,,,,,,,,,,,,,,,,,,,,,,,,,,,,,,,,,12.02888269,10.17924102,9.814392113,10.61925744,9.915011825,10.06688899,12.16227148,9.588986159,9.697319016,10.37148697,9.231410367,12.19888277,9.160959096,9.479679725,8.247272109,7.356726801,7.280151005,9.450864128,9.257134822,7.174458549,7.224638839
Kyrgyz Republic,KGZ,Bank liquid reserves to bank assets ratio (%),FD.RES.LIQU.AS.ZS,,,,,,,,,,,,,,,,,,,,,,,,,,,,,,,,,,,,,,,,,,7.966843196,12.41663424,10.09744619,8.982495986,14.30096775,18.46072862,19.85134505,17.21835667,16.56982889,20.12041804,19.53168039,26.01901587,20.99532215,13.86186661,14.12893994,24.37318964,19.73472197,18.88613134,19.01130308,20.19708643,23.81585322
Cambodia,KHM,Bank liquid reserves to bank assets ratio (%),FD.RES.LIQU.AS.ZS,,,,,,,,,,,,,,,,,,,,,,,,,,,,,,,,,,,,,,,,,,51.36524571,73.53161757,61.66275297,53.60702869,38.27214837,33.1587409,32.46860155,34.01078146,45.71684381,44.05442408,34.91378518,31.53022292,27.11103956,25.29405369,26.24607761,28.32383097,30.72093558,29.50952066,29.62103755,28.23709294,23.77970643
Kiribati,KIR,Bank liquid reserves to bank assets ratio (%),FD.RES.LIQU.AS.ZS,,,,,,,,,,,,,,,,,,,,,,,,,,,,,,,,,,,,,,,,,,,,,,,,,,,,,,,,,,,,,,
St. Kitts and Nevis,KNA,Bank liquid reserves to bank assets ratio (%),FD.RES.LIQU.AS.ZS,,,,,,,,,,,,,,,,,,,,,,,,,,,,,,,,,,,,,,,,,,8.341616636,9.110340448,6.997570841,8.658420702,6.510113644,7.50388357,7.346910482,6.350202667,8.062156609,8.700088836,12.91132872,10.97914366,11.9752062,12.18489359,11.39765376,12.49352532,13.29166513,11.69265628,12.86482179,13.11257596,11.93697461
"Korea, Rep.",KOR,Bank liquid reserves to bank assets ratio (%),FD.RES.LIQU.AS.ZS,,,,,,,,,,,,,,,,,,,,,,,,,,,,,,,,,,,,,,,,,,9.242695433,7.832117561,9.380039956,10.5919892,10.53417637,9.933846352,7.983063789,8.020313594,7.736878806,7.381218445,7.15915422,7.179481745,7.104969998,7.042887035,6.858324757,6.414033028,6.137839992,5.509573834,5.167204408,5.394103277,4.626401832
Kuwait,KWT,Bank liquid reserves to bank assets ratio (%),FD.RES.LIQU.AS.ZS,,,,,,,,,,,,,,,,,,,,,,,,,,,,,,,,,,,,,,,,,,18.62281274,14.28765964,4.944775511,2.820868983,4.911517717,6.921942782,6.798604918,2.932909643,6.640774446,8.504189587,10.63609145,12.0984446,13.69007343,13.81748801,10.43992686,10.05969866,10.00125261,11.7072403,,,
Latin America & Caribbean (excluding high income),LAC,Bank liquid reserves to bank assets ratio (%),FD.RES.LIQU.AS.ZS,,,,,,,,,,,,,,,,,,,,,,,,,,,,,,,,,,,,,,,,,,17.37125725,20.99672159,20.8617041,21.90742987,20.45039515,18.80763674,18.60555003,18.34551916,21.13458711,23.98743256,21.07586862,20.81636492,21.3713951,22.906177,23.70324865,24.32304962,23.51931089,22.26455324,22.42757101,23.63555802,23.40798508
Lao PDR,LAO,Bank liquid reserves to bank assets ratio (%),FD.RES.LIQU.AS.ZS,,,,,,,,,,,,,,,,,,,,,,,,,,,,,,,,,,,,,,,,,,,,,,,,,,,,,,,,,,,,,,
Lebanon,LBN,Bank liquid reserves to bank assets ratio (%),FD.RES.LIQU.AS.ZS,,,,,,,,,,,,,,,,,,,,,,,,,,,,,,,,,,,,,,,,,,,,,,,,,,,,,,,,,,,,,,
Liberia,LBR,Bank liquid reserves to bank assets ratio (%),FD.RES.LIQU.AS.ZS,,,,,,,,,,,,,,,,,,,,,,,,,,,,,,,,,,,,,,,,,,,,,,,,33.75753582,28.250356,28.84703344,31.87166195,47.4660245,50.62260403,37.78883031,20.49423787,27.2575835,26.24289482,23.84048088,19.29513577,15.20986559,19.45898186,
Libya,LBY,Bank liquid reserves to bank assets ratio (%),FD.RES.LIQU.AS.ZS,,,,,,,,,,,,,,,,,,,,,,,,,,,,,,,,,,,,,,,,,,,,,,,,,,,,,,,,,,,,,,
St. Lucia,LCA,Bank liquid reserves to bank assets ratio (%),FD.RES.LIQU.AS.ZS,,,,,,,,,,,,,,,,,,,,,,,,,,,,,,,,,,,,,,,,,,8.424678622,9.247977209,9.442242741,10.62629895,7.330797306,6.091370407,4.807761652,5.983092416,5.832840696,6.255193739,6.348198362,7.085007345,6.376581989,10.95291594,13.0559677,12.12338512,14.35827531,11.82977244,10.50705214,11.25768769,17.17182908
Latin America & Caribbean,LCN,Bank liquid reserves to bank assets ratio (%),FD.RES.LIQU.AS.ZS,,,,,,,,,,,,,,,,,,,,,,,,,,,,,,,,,,,,,,,,,,15.05285539,16.66600869,17.38671424,17.18312231,15.02300749,15.9234555,17.09113583,16.14994406,20.34162762,21.11480693,19.45247167,19.00508112,19.75550379,20.21252106,22.14988468,21.60886491,19.8453826,20.97325058,21.24881095,21.6511903,22.22670034
Least developed countries: UN classification,LDC,Bank liquid reserves to bank assets ratio (%),FD.RES.LIQU.AS.ZS,,,,,,,,,,,,,,,,,,,,,,,,,,,,,,,,,,,,,,,,,,19.2293773,18.64214294,17.10460325,19.63783334,19.28233175,18.60440173,20.63956724,17.53018701,21.76322863,20.20579315,17.15187025,18.6126215,20.59650444,20.3437626,18.60684681,20.03914733,22.47074281,19.16233474,18.74441736,18.66498667,16.58165446
Low income,LIC,Bank liquid reserves to bank assets ratio (%),FD.RES.LIQU.AS.ZS,,,,,,,,,,,,,,,,,,,,,,,,,,,,,,,,,,,,,,,,,,13.75959617,14.95817603,13.9207598,17.79494246,18.66033921,18.11098719,19.35570521,17.86759592,20.66583266,20.02003144,17.02397149,18.40068321,19.62581528,19.54288279,18.54060055,20.49418866,22.43550392,19.29513577,19.78056526,19.45898186,16.69884526
Liechtenstein,LIE,Bank liquid reserves to bank assets ratio (%),FD.RES.LIQU.AS.ZS,,,,,,,,,,,,,,,,,,,,,,,,,,,,,,,,,,,,,,,,,,,,,,,,,,,,,,,,,,,,,,
Sri Lanka,LKA,Bank liquid reserves to bank assets ratio (%),FD.RES.LIQU.AS.ZS,,,,,,,,,,,,,,,,,,,,,,,,,,,,,,,,,,,,,,,,,,14.43135987,11.79461505,9.658208596,10.10353427,10.31564284,10.50887458,9.739559418,8.893530827,16.03893431,13.58691421,7.152419133,6.810789008,7.966327338,10.43596621,5.729851477,6.958473571,7.177322577,6.18599769,5.376453187,,
Lower middle income,LMC,Bank liquid reserves to bank assets ratio (%),FD.RES.LIQU.AS.ZS,,,,,,,,,,,,,,,,,,,,,,,,,,,,,,,,,,,,,,,,,,18.67417537,17.33779426,17.36216301,19.30554528,18.21206527,15.86139756,19.62784902,17.67264117,23.06117955,22.88686424,19.53168039,20.19938191,21.48841318,20.3437626,21.15557046,20.03914733,20.63474173,19.1512378,19.87788871,23.63461066,23.81585322
Low & middle income,LMY,Bank liquid reserves to bank assets ratio (%),FD.RES.LIQU.AS.ZS,,,,,,,,,,,,,,,,,,,,,,,,,,,,,,,,,,,,,,,,,,16.4078013,15.6265592,15.20154165,18.43536176,18.5596856,17.61757266,18.26147666,16.73506029,20.81961735,20.12041804,19.71482218,19.00508112,19.75550379,19.39649839,20.62839652,20.96482032,20.74375486,19.46462755,19.78056526,21.56338552,22.96217654
Lesotho,LSO,Bank liquid reserves to bank assets ratio (%),FD.RES.LIQU.AS.ZS,,,,,,,,,,,,,,,,,,,,,,,,,,,,,,,,,,,,,,,,,,6.790841162,8.650537734,12.31192347,9.100223701,12.43299795,6.380426115,5.345788481,3.392832305,5.416263456,5.094300509,4.821090721,6.637619364,6.545156675,9.186779206,7.02404654,9.259462134,7.932364805,6.489888199,7.911745697,7.809799346,6.630110607
Late-demographic dividend,LTE,Bank liquid reserves to bank assets ratio (%),FD.RES.LIQU.AS.ZS,,,,,,,,,,,,,,,,,,,,,,,,,,,,,,,,,,,,,,,,,,13.22987891,12.74888263,12.24710308,12.7915992,13.11781811,13.68195822,14.22563891,11.52019688,14.86847443,14.995581,14.27989456,14.92766291,15.08394839,13.86186661,17.25046055,18.05108248,17.36724557,16.60554691,16.2465295,18.97956418,19.1683841
Lithuania,LTU,Bank liquid reserves to bank assets ratio (%),FD.RES.LIQU.AS.ZS,,,,,,,,,,,,,,,,,,,,,,,,,,,,,,,,,,,,,,,,,,,,,,,,,,,,,,,,,,,,,,
Luxembourg,LUX,Bank liquid reserves to bank assets ratio (%),FD.RES.LIQU.AS.ZS,,,,,,,,,,,,,,,,,,,,,,,,,,,,,,,,,,,,,,,,,,,,,,,,,,,,,,,,,,,,,,
Latvia,LVA,Bank liquid reserves to bank assets ratio (%),FD.RES.LIQU.AS.ZS,,,,,,,,,,,,,,,,,,,,,,,,,,,,,,,,,,,,,,,,,,,,,,,,,,,,,,,,,,,,,,
"Macao SAR, China",MAC,Bank liquid reserves to bank assets ratio (%),FD.RES.LIQU.AS.ZS,,,,,,,,,,,,,,,,,,,,,,,,,,,,,,,,,,,,,,,,,,17.03100995,15.00888339,15.36358167,14.99275192,12.66093127,13.11199903,13.95863147,9.739125907,7.205742095,5.283651276,7.138576689,7.280108008,4.789924093,3.933520112,4.981325281,4.956826061,4.562254379,3.691200864,3.821198634,4.504671678,4.199815583
St. Martin (French part),MAF,Bank liquid reserves to bank assets ratio (%),FD.RES.LIQU.AS.ZS,,,,,,,,,,,,,,,,,,,,,,,,,,,,,,,,,,,,,,,,,,,,,,,,,,,,,,,,,,,,,,
Morocco,MAR,Bank liquid reserves to bank assets ratio (%),FD.RES.LIQU.AS.ZS,,,,,,,,,,,,,,,,,,,,,,,,,,,,,,,,,,,,,,,,,,11.79923837,11.01383646,15.1742772,16.96275623,15.15398513,13.68195822,13.34399641,10.09023912,6.372948249,4.970451901,4.072295766,3.190926581,3.281483058,2.259303212,2.775973734,3.855852643,3.493524397,3.738760482,3.432245591,3.706298589,4.018255246
Monaco,MCO,Bank liquid reserves to bank assets ratio (%),FD.RES.LIQU.AS.ZS,,,,,,,,,,,,,,,,,,,,,,,,,,,,,,,,,,,,,,,,,,,,,,,,,,,,,,,,,,,,,,
Moldova,MDA,Bank liquid reserves to bank assets ratio (%),FD.RES.LIQU.AS.ZS,,,,,,,,,,,,,,,,,,,,,,,,,,,,,,,,,,,,,,,,,,16.4078013,18.25140627,15.20154165,32.62262544,30.11741433,19.85292618,24.80570907,29.84183362,26.79913399,25.97807821,26.54322165,26.89966414,20.50413339,15.06402574,19.8961542,31.13389553,38.5812639,40.3298902,38.71939739,39.78887515,31.13763259
Madagascar,MDG,Bank liquid reserves to bank assets ratio (%),FD.RES.LIQU.AS.ZS,,,,,,,,,,,,,,,,,,,,,,,,,,,,,,,,,,,,,,,,,,,,,,,21.59849679,33.60287418,34.35102973,30.8830463,26.15993494,36.20741385,34.69010584,25.22626614,21.73593644,20.83600601,25.86946444,27.53731012,25.97412385,21.41479948,18.46837533,16.13269471
Maldives,MDV,Bank liquid reserves to bank assets ratio (%),FD.RES.LIQU.AS.ZS,,,,,,,,,,,,,,,,,,,,,,,,,,,,,,,,,,,,,,,,,,66.2643464,76.1945201,64.42858089,43.18225234,32.16231193,24.76947378,22.25817344,20.88144199,25.7579956,27.93022881,29.05093057,33.03768436,37.11908735,54.06012496,45.7373584,38.78803071,40.75523245,39.58116387,32.21068774,38.73034952,35.95778722
Middle East & North Africa,MEA,Bank liquid reserves to bank assets ratio (%),FD.RES.LIQU.AS.ZS,,,,,,,,,,,,,,,,,,,,,,,,,,,,,,,,,,,,,,,,,,11.71464867,9.576103278,9.171369462,11.08861105,9.464345438,9.466906382,13.75363777,10.23071836,17.96204283,17.68817497,14.33255415,13.77922852,14.34351206,14.70276194,16.98740681,12.80450887,13.75114941,11.83547764,13.96957759,14.6088466,16.02192096
Mexico,MEX,Bank liquid reserves to bank assets ratio (%),FD.RES.LIQU.AS.ZS,,,,,,,,,,,,,,,,,,,,,,,,,,,,,,,,,,,,,,,,,,12.97469427,17.63563393,19.03071211,18.57498932,20.45039515,15.00883127,11.10973228,12.86719857,11.55164525,9.448941173,8.051209846,7.800020677,7.215107709,7.487811197,7.295768868,7.035390229,6.742775564,7.137018057,6.240646221,7.442832068,7.459643416
Marshall Islands,MHL,Bank liquid reserves to bank assets ratio (%),FD.RES.LIQU.AS.ZS,,,,,,,,,,,,,,,,,,,,,,,,,,,,,,,,,,,,,,,,,,,,,,,,,,,,,,,,,,,,,,
Middle income,MIC,Bank liquid reserves to bank assets ratio (%),FD.RES.LIQU.AS.ZS,,,,,,,,,,,,,,,,,,,,,,,,,,,,,,,,,,,,,,,,,,16.51570294,16.29494238,16.17312546,18.43536176,18.5596856,16.83807972,17.80674706,16.06228829,21.04561979,20.25598645,20.05949677,19.03621196,19.75550379,19.39649839,20.82311595,20.96482032,20.00118957,19.51444802,19.78887197,21.60728791,23.40798508
North Macedonia,MKD,Bank liquid reserves to bank assets ratio (%),FD.RES.LIQU.AS.ZS,,,,,,,,,,,,,,,,,,,,,,,,,,,,,,,,,,,,,,,,,,7.170802852,8.290344432,13.7350531,12.09194735,18.66268744,18.60072885,24.38155174,21.25743656,21.27162224,24.94763302,26.58986324,24.75607353,22.13477406,24.05450679,20.96949453,23.80880868,22.40591454,24.35423146,29.11785836,25.17645322,24.7012973
Mali,MLI,Bank liquid reserves to bank assets ratio (%),FD.RES.LIQU.AS.ZS,,,,,,,,,,,,,,,,,,,,,,,,,,,,,,,,,,,,,,,,,,9.474636289,11.53149306,12.43944931,15.95205157,14.7323981,10.68368123,14.96503555,16.72746644,20.05206097,15.33976166,14.04728009,12.32004461,11.42817784,10.11595165,10.85455215,9.611018737,7.077113121,9.065142895,9.683980879,11.02047982,12.36371785
Malta,MLT,Bank liquid reserves to bank assets ratio (%),FD.RES.LIQU.AS.ZS,,,,,,,,,,,,,,,,,,,,,,,,,,,,,,,,,,,,,,,,,,,,,,,,,,,,,,,,,,,,,,
Myanmar,MMR,Bank liquid reserves to bank assets ratio (%),FD.RES.LIQU.AS.ZS,,,,,,,,,,,,,,,,,,,,,,,,,,,,,,,,,,,,,,,,,,31.74279721,21.16294568,39.87596874,85.17157047,51.89151837,62.52784911,94.71874026,86.0090278,78.62581963,61.59818411,44.62411311,18.06912324,19.34453185,13.13439193,21.15557046,21.7735535,22.90118791,21.74174932,16.98805884,16.76445962,
Middle East & North Africa (excluding high income),MNA,Bank liquid reserves to bank assets ratio (%),FD.RES.LIQU.AS.ZS,,,,,,,,,,,,,,,,,,,,,,,,,,,,,,,,,,,,,,,,,,,10.52509134,14.05459537,15.74713361,14.41700523,13.15638416,16.26640698,21.24530358,23.45778719,20.18272935,14.53739394,13.45001444,12.87829753,20.94710682,22.89740339,15.13470532,18.38575689,15.63385259,15.08522585,14.05160537,17.89086472
Montenegro,MNE,Bank liquid reserves to bank assets ratio (%),FD.RES.LIQU.AS.ZS,,,,,,,,,,,,,,,,,,,,,,,,,,,,,,,,,,,,,,,,,,,,,,,,,,,,,,12.86067781,16.55209101,20.49469073,25.15895088,24.99499767,21.90292995,22.30983579,21.37494726,27.55949393
Mongolia,MNG,Bank liquid reserves to bank assets ratio (%),FD.RES.LIQU.AS.ZS,,,,,,,,,,,,,,,,,,,,,,,,,,,,,,,,,,,,,,,,,,44.46095848,37.71850356,24.96673164,19.69209362,21.83722835,16.18194757,13.8917248,14.34717472,32.93163083,46.59829805,31.97582688,31.18976531,38.01653437,29.85924438,23.53314938,27.69926954,44.30852011,47.63512447,53.79370885,57.38443115,54.17141395
Northern Mariana Islands,MNP,Bank liquid reserves to bank assets ratio (%),FD.RES.LIQU.AS.ZS,,,,,,,,,,,,,,,,,,,,,,,,,,,,,,,,,,,,,,,,,,,,,,,,,,,,,,,,,,,,,,
Mozambique,MOZ,Bank liquid reserves to bank assets ratio (%),FD.RES.LIQU.AS.ZS,,,,,,,,,,,,,,,,,,,,,,,,,,,,,,,,,,,,,,,,,,16.42884314,25.32149229,37.31715914,48.56373527,21.18218272,18.99622869,17.36978532,17.86759592,12.75806149,11.58044312,16.89607273,22.67127972,18.65512612,15.55343858,18.60684681,22.56809851,35.59764748,44.78303216,55.42557527,63.58850399,45.11341222
Mauritania,MRT,Bank liquid reserves to bank assets ratio (%),FD.RES.LIQU.AS.ZS,,,,,,,,,,,,,,,,,,,,,,,,,,,,,,,,,,,,,,,,,,,,,,,,,,,,,26.4219233,23.6083769,20.3437626,17.66614777,19.01659415,19.67649725,17.85850998,16.79468579,,
Mauritius,MUS,Bank liquid reserves to bank assets ratio (%),FD.RES.LIQU.AS.ZS,,,,,,,,,,,,,,,,,,,,,,,,,,,,,,,,,,,,,,,,,,6.00787042,6.610772059,4.664977719,4.267926324,3.232385562,2.088046117,2.597287801,2.244513986,2.375086688,3.001921455,3.050114851,2.916577359,4.185860222,4.91824113,6.011881432,7.424893284,9.720196959,11.82431434,13.19216554,15.6685518,18.01944195
Malawi,MWI,Bank liquid reserves to bank assets ratio (%),FD.RES.LIQU.AS.ZS,,,,,,,,,,,,,,,,,,,,,,,,,,,,,,,,,,,,,,,,,,,,,,,,,,,,,,,,,,,,,,
Malaysia,MYS,Bank liquid reserves to bank assets ratio (%),FD.RES.LIQU.AS.ZS,,,,,,,,,,,,,,,,,,,,,,,,,,,,,,,,,,,,,,,,,,12.12180189,14.8180945,19.01613223,22.95816661,26.03130546,30.03163397,28.96460665,26.06437152,23.31051294,20.6296884,22.4064555,19.35732175,16.52757894,13.00815133,10.85503341,10.17976158,9.794540071,9.270517526,8.772931188,7.071183043,7.679414455
North America,NAC,Bank liquid reserves to bank assets ratio (%),FD.RES.LIQU.AS.ZS,,,,,,,,,,,,,,,,,,,,,,,,,,,,,,,,,,,,,,,,,,0.592092408,0.597244658,0.546840976,0.502377794,0.477272801,0.453552151,0.462127489,3.102114887,,,,,,,,,,,,,
Namibia,NAM,Bank liquid reserves to bank assets ratio (%),FD.RES.LIQU.AS.ZS,,,,,,,,,,,,,,,,,,,,,,,,,,,,,,,,,,,,,,,,,,3.066775126,1.755566416,3.161279122,2.375855797,2.475015158,2.12874304,2.523897592,3.898841702,5.454418809,6.195555524,7.565223008,6.110898885,4.902893443,6.219656449,5.048310918,6.878450886,8.97004001,5.792272696,4.359369691,4.059770545,4.718375016
New Caledonia,NCL,Bank liquid reserves to bank assets ratio (%),FD.RES.LIQU.AS.ZS,,,,,,,,,,,,,,,,,,,,,,,,,,,,,,,,,,,,,,,,,,,,,,,,,,,,,,,,,,,,,,
Niger,NER,Bank liquid reserves to bank assets ratio (%),FD.RES.LIQU.AS.ZS,,,,,,,,,,,,,,,,,,,,,,,,,,,,,,,,,,,,,,,,,,11.17195082,14.95817603,19.0679643,19.63783334,19.28233175,18.60440173,28.18535606,14.0990903,17.85296928,20.02003144,13.78675969,18.6126215,10.93126144,14.89023371,10.32537416,14.47127807,8.273022115,10.15501799,9.055880146,9.015255608,8.684091912
Nigeria,NGA,Bank liquid reserves to bank assets ratio (%),FD.RES.LIQU.AS.ZS,,,,,,,,,,,,,,,,,,,,,,,,,,,,,,,,,,,,,,,,,,22.93900997,22.75451269,20.66499328,17.30593101,20.1896015,14.06822265,22.27294068,12.92431061,5.833621185,7.806491907,18.08587331,17.20986132,32.48814304,35.98377251,33.75354257,26.84450723,40.37682727,52.72270576,55.16840255,69.05273527,64.47131846
Nicaragua,NIC,Bank liquid reserves to bank assets ratio (%),FD.RES.LIQU.AS.ZS,,,,,,,,,,,,,,,,,,,,,,,,,,,,,,,,,,,,,,,,,,102.5132462,104.2911198,79.53496066,60.47206184,45.72049247,39.81151942,29.46383054,29.88147127,40.26910591,40.66712367,38.1686642,30.63782811,30.04747889,30.52140699,31.02532182,25.28310744,24.63746317,22.71974702,22.78655248,33.11594118,37.82784447
Netherlands,NLD,Bank liquid reserves to bank assets ratio (%),FD.RES.LIQU.AS.ZS,,,,,,,,,,,,,,,,,,,,,,,,,,,,,,,,,,,,,,,,,,,,,,,,,,,,,,,,,,,,,,
Norway,NOR,Bank liquid reserves to bank assets ratio (%),FD.RES.LIQU.AS.ZS,,,,,,,,,,,,,,,,,,,,,,,,,,,,,,,,,,,,,,,,,,1.873183791,3.730514769,2.046598443,2.304579632,2.236511241,1.097898042,1.826080464,2.591494371,2.216095423,2.083757727,2.076986447,0.854689637,1.58453983,1.480528207,1.099249731,0.949259685,1.070723976,0.667624184,0.897638065,0.762753109,0.334781947
Nepal,NPL,Bank liquid reserves to bank assets ratio (%),FD.RES.LIQU.AS.ZS,,,,,,,,,,,,,,,,,,,,,,,,,,,,,,,,,,,,,,,,,,11.41826689,19.87124555,10.88346674,9.876417532,10.56091243,11.10347701,12.40643297,12.51927261,10.6917498,10.73421977,14.87015606,11.84960144,14.56476478,11.46941674,12.01524163,12.62427558,8.767884166,8.415026585,7.970932028,8.975850073,5.248174605
Nauru,NRU,Bank liquid reserves to bank assets ratio (%),FD.RES.LIQU.AS.ZS,,,,,,,,,,,,,,,,,,,,,,,,,,,,,,,,,,,,,,,,,,,,,,,,,,,,,,,,,,,,,,
New Zealand,NZL,Bank liquid reserves to bank assets ratio (%),FD.RES.LIQU.AS.ZS,,,,,,,,,,,,,,,,,,,,,,,,,,,,,,,,,,,,,,,,,,,,,,,,,,,,,,2.46489883,2.642901682,2.352617913,2.652940822,2.85215438,1.8409235,1.852915265,5.562456934,8.016326505
OECD members,OED,Bank liquid reserves to bank assets ratio (%),FD.RES.LIQU.AS.ZS,,,,,,,,,,,,,,,,,,,,,,,,,,,,,,,,,,,,,,,,,,,,,,,,,,,,,,,,,,,,,,
Oman,OMN,Bank liquid reserves to bank assets ratio (%),FD.RES.LIQU.AS.ZS,,,,,,,,,,,,,,,,,,,,,,,,,,,,,,,,,,,,,,,,,,3.990787493,4.643743885,8.248476578,5.507835729,8.710918038,8.034722808,21.70825154,16.02711022,18.90560511,18.38761369,15.53043017,14.1084426,15.08394839,16.18111473,17.89061289,11.09213962,9.366569844,10.29158244,8.050535982,,
Other small states,OSS,Bank liquid reserves to bank assets ratio (%),FD.RES.LIQU.AS.ZS,,,,,,,,,,,,,,,,,,,,,,,,,,,,,,,,,,,,,,,,,,21.28813298,11.98832936,13.23130887,13.55419198,18.83095506,25.15602716,16.48753099,13.51546227,15.72725201,17.85550535,12.641184,16.95574678,12.00065495,16.97197861,16.78955107,13.58833067,13.75114941,14.65611329,14.62921784,15.6685518,18.01944195
Pakistan,PAK,Bank liquid reserves to bank assets ratio (%),FD.RES.LIQU.AS.ZS,,,,,,,,,,,,,,,,,,,,,,,,,,,,,,,,,,,,,,,,,,19.05850933,16.30487549,15.13256098,14.67548153,13.21742895,11.48024062,11.08432321,8.638132027,9.052218682,9.681603519,11.65121004,12.84702101,12.88575693,8.725190581,11.43077232,13.23494918,12.6463137,12.42738567,15.46655539,14.79967012,14.5092857
Panama,PAN,Bank liquid reserves to bank assets ratio (%),FD.RES.LIQU.AS.ZS,,,,,,,,,,,,,,,,,,,,,,,,,,,,,,,,,,,,,,,,,,0.490092094,1.721838345,1.598340435,1.526443511,1.562678152,1.52875403,1.482773181,1.432487778,1.49500796,1.658346231,1.848591589,1.67778893,1.930165052,1.52577465,1.613621362,1.878324813,2.044582339,2.016733007,2.026337058,2.798651612,2.448482343
Peru,PER,Bank liquid reserves to bank assets ratio (%),FD.RES.LIQU.AS.ZS,,,,,,,,,,,,,,,,,,,,,,,,,,,,,,,,,,,,,,,,,,,,,,,39.32219947,49.68333103,43.44231963,35.47681443,47.22717598,36.44900678,42.5360669,38.98260017,34.2903887,41.18878866,35.62082821,33.31170449,25.26300811,30.16725706,41.48382707,30.6498189
Philippines,PHL,Bank liquid reserves to bank assets ratio (%),FD.RES.LIQU.AS.ZS,,,,,,,,,,,,,,,,,,,,,,,,,,,,,,,,,,,,,,,,,,10.65766231,11.48501485,10.15891021,8.747136482,11.68462804,23.82685508,26.94786887,24.31142916,25.29479843,34.90593161,32.55226454,31.29984816,45.63302752,34.94334205,32.33765832,30.11127888,25.70545859,21.97207654,21.54692281,28.42989452,26.95347391
Palau,PLW,Bank liquid reserves to bank assets ratio (%),FD.RES.LIQU.AS.ZS,,,,,,,,,,,,,,,,,,,,,,,,,,,,,,,,,,,,,,,,,,,,,,,,,,,,,,,,,,,,,,
Papua New Guinea,PNG,Bank liquid reserves to bank assets ratio (%),FD.RES.LIQU.AS.ZS,,,,,,,,,,,,,,,,,,,,,,,,,,,,,,,,,,,,,,,,,,18.28984141,13.23089907,18.5996038,34.28424996,28.7862557,72.20586798,64.51018411,53.51408467,67.27356432,64.52576956,85.35341611,75.48656842,44.37247115,47.4458007,36.97869793,41.29761159,39.2061722,37.26270755,33.51308168,28.9024315,
Poland,POL,Bank liquid reserves to bank assets ratio (%),FD.RES.LIQU.AS.ZS,,,,,,,,,,,,,,,,,,,,,,,,,,,,,,,,,,,,,,,,,,16.67924012,13.40520953,9.543908542,8.6724201,11.77335963,10.00135709,7.198408611,7.090019733,11.6080915,14.71045837,13.5222847,16.93746524,16.55720491,13.16468194,11.79435897,10.7473763,11.68376276,10.72644039,10.47450182,14.00599665,18.9378224
Pre-demographic dividend,PRE,Bank liquid reserves to bank assets ratio (%),FD.RES.LIQU.AS.ZS,,,,,,,,,,,,,,,,,,,,,,,,,,,,,,,,,,,,,,,,,,19.2293773,18.62117161,17.22110752,19.63783334,19.32651728,17.61757266,20.70491248,17.9972608,20.35894681,20.23541453,22.16826413,22.04263813,23.6083769,21.73593644,20.83600601,18.4202788,21.32223449,19.16233474,18.74441736,19.06198426,19.59655136
Puerto Rico,PRI,Bank liquid reserves to bank assets ratio (%),FD.RES.LIQU.AS.ZS,,,,,,,,,,,,,,,,,,,,,,,,,,,,,,,,,,,,,,,,,,,,,,,,,,,,,,,,,,,,,,
"Korea, Dem. People's Rep.",PRK,Bank liquid reserves to bank assets ratio (%),FD.RES.LIQU.AS.ZS,,,,,,,,,,,,,,,,,,,,,,,,,,,,,,,,,,,,,,,,,,,,,,,,,,,,,,,,,,,,,,
Portugal,PRT,Bank liquid reserves to bank assets ratio (%),FD.RES.LIQU.AS.ZS,,,,,,,,,,,,,,,,,,,,,,,,,,,,,,,,,,,,,,,,,,,,,,,,,,,,,,,,,,,,,,
Paraguay,PRY,Bank liquid reserves to bank assets ratio (%),FD.RES.LIQU.AS.ZS,,,,,,,,,,,,,,,,,,,,,,,,,,,,,,,,,,,,,,,,,,24.38742564,27.86159372,44.48066388,50.95626224,53.61853633,59.38964894,58.58125415,38.09057839,41.56509505,28.88910945,31.2949911,28.76370845,31.36645929,28.53726947,24.54849148,29.10476725,31.31196376,27.70320509,26.27832975,27.73996319,29.04962389
West Bank and Gaza,PSE,Bank liquid reserves to bank assets ratio (%),FD.RES.LIQU.AS.ZS,,,,,,,,,,,,,,,,,,,,,,,,,,,,,,,,,,,,,,,,,,10.46639287,10.52509134,14.05459537,14.53151099,13.68002533,12.59358682,13.75363777,21.03388324,21.46961928,17.46988773,14.74223372,14.87284812,12.87829753,12.60614223,12.70496441,12.80450887,12.39314234,11.83547764,12.71190488,12.81299985,13.1405299
Pacific island small states,PSS,Bank liquid reserves to bank assets ratio (%),FD.RES.LIQU.AS.ZS,,,,,,,,,,,,,,,,,,,,,,,,,,,,,,,,,,,,,,,,,,,,,,,,,,,,,,,,,,,,,,
Post-demographic dividend,PST,Bank liquid reserves to bank assets ratio (%),FD.RES.LIQU.AS.ZS,,,,,,,,,,,,,,,,,,,,,,,,,,,,,,,,,,,,,,,,,,,,,,,,,6.078789052,,,,,9.512591779,10.80093915,14.01416569,12.27692529,11.15788656,9.681531001,10.47438592,,
French Polynesia,PYF,Bank liquid reserves to bank assets ratio (%),FD.RES.LIQU.AS.ZS,,,,,,,,,,,,,,,,,,,,,,,,,,,,,,,,,,,,,,,,,,,,,,,,,,,,,,,,,,,,,,
Qatar,QAT,Bank liquid reserves to bank assets ratio (%),FD.RES.LIQU.AS.ZS,,,,,,,,,,,,,,,,,,,,,,,,,,,,,,,,,,,,,,,,,,4.702252013,5.463944846,5.032662914,5.213544019,5.079015826,4.012168207,11.14560266,7.331410622,14.86847443,24.99222973,5.140297581,6.534077151,5.280165387,5.958868804,4.56361927,4.810950429,5.642026441,7.418542565,5.541055794,7.317696974,7.106162979
Romania,ROU,Bank liquid reserves to bank assets ratio (%),FD.RES.LIQU.AS.ZS,,,,,,,,,,,,,,,,,,,,,,,,,,,,,,,,,,,,,,,,,,51.48591406,65.57633122,50.02881401,67.11969992,77.20653777,57.92716582,43.35833249,36.92871071,27.79672468,25.06168465,23.62515697,21.12946127,24.09669241,21.97816475,22.10034391,20.86479545,21.83477281,16.7793515,16.95539494,16.85914543,17.19861902
Russian Federation,RUS,Bank liquid reserves to bank assets ratio (%),FD.RES.LIQU.AS.ZS,,,,,,,,,,,,,,,,,,,,,,,,,,,,,,,,,,,,,,,,,,16.52766194,17.4260355,21.32102155,16.67060213,12.97529538,12.87297118,11.82447376,11.52019688,11.25336081,12.10707649,8.188267196,8.844686986,7.695017846,7.263353676,5.546448641,6.558376368,9.434844163,8.874330026,9.007567632,6.520488102,6.949424748
Rwanda,RWA,Bank liquid reserves to bank assets ratio (%),FD.RES.LIQU.AS.ZS,,,,,,,,,,,,,,,,,,,,,,,,,,,,,,,,,,,,,,,,,,13.86726946,12.9629458,11.16153061,14.56414883,16.60508046,21.87761871,23.70551637,9.249192816,22.8606246,19.15501896,22.41930881,15.94911722,12.21765738,15.65052264,12.92827541,11.54884886,14.54125361,15.51630013,12.5162821,14.36455946,
South Asia,SAS,Bank liquid reserves to bank assets ratio (%),FD.RES.LIQU.AS.ZS,,,,,,,,,,,,,,,,,,,,,,,,,,,,,,,,,,,,,,,,,,16.7449346,18.08806052,13.00801386,12.3895079,11.88917069,11.48024062,12.40643297,12.51927261,16.03893431,13.58691421,14.87015606,12.84702101,14.56476478,11.46941674,13.74929376,14.728175,12.6463137,12.42738567,15.46655539,26.41791097,11.49946519
Saudi Arabia,SAU,Bank liquid reserves to bank assets ratio (%),FD.RES.LIQU.AS.ZS,,,,,,,,,,,,,,,,,,,,,,,,,,,,,,,,,,,,,,,,,,,,,,,,,,,,,,,,,,,,,,
Sudan,SDN,Bank liquid reserves to bank assets ratio (%),FD.RES.LIQU.AS.ZS,,,,,,,,,,,,,,,,,,,,,,,,,,,,,,,,,,,,,,,,,,28.58521204,21.097643,21.43228621,20.51597425,19.43226304,15.58593318,19.35570521,19.56482346,28.20614156,23.78612697,27.12865012,37.37937976,34.3047672,38.37837296,38.23647447,37.00549718,47.05572108,93.3014654,77.35919464,94.82032606,90.25518106
Senegal,SEN,Bank liquid reserves to bank assets ratio (%),FD.RES.LIQU.AS.ZS,,,,,,,,,,,,,,,,,,,,,,,,,,,,,,,,,,,,,,,,,,11.03085435,16.29494238,17.10460325,16.20576068,11.24518031,10.38040812,13.03109557,12.15907477,17.66666925,17.67125639,13.23100895,11.20838133,14.75573543,13.1446998,15.7181478,10.97449379,6.571905915,7.738978671,9.152317915,8.966471253,14.49401852
Singapore,SGP,Bank liquid reserves to bank assets ratio (%),FD.RES.LIQU.AS.ZS,,,,,,,,,,,,,,,,,,,,,,,,,,,,,,,,,,,,,,,,,,,,,,,,,,,,,,,,,,,,,,
Solomon Islands,SLB,Bank liquid reserves to bank assets ratio (%),FD.RES.LIQU.AS.ZS,,,,,,,,,,,,,,,,,,,,,,,,,,,,,,,,,,,,,,,,,,29.80486345,37.26928108,39.2317242,78.15918415,63.37773217,42.7693805,21.7759111,13.35606124,29.27632619,65.05308509,99.04483014,131.2652961,121.9566022,88.38340911,100.4856294,101.7507978,100.3290103,101.3409208,90.69004727,92.72712107,98.55396227
Sierra Leone,SLE,Bank liquid reserves to bank assets ratio (%),FD.RES.LIQU.AS.ZS,,,,,,,,,,,,,,,,,,,,,,,,,,,,,,,,,,,,,,,,,,18.44862987,17.22298176,10.69411076,11.09329944,17.33860714,9.661389441,9.414269283,11.69003418,13.48535439,10.71180751,9.068640507,10.2802247,13.38192848,18.59152771,18.47435429,22.95018895,22.43550392,22.30608639,18.6093712,26.28147923,16.69884526
El Salvador,SLV,Bank liquid reserves to bank assets ratio (%),FD.RES.LIQU.AS.ZS,,,,,,,,,,,,,,,,,,,,,,,,,,,,,,,,,,,,,,,,,,27.54601738,26.50722095,26.78604119,24.08243627,19.80771007,19.14963865,22.32300418,22.27680628,24.26958256,25.22866108,23.99949027,24.2002999,23.28736538,22.17842622,22.14988468,21.05428829,22.85444033,22.36993954,24.59384074,15.10694634,16.05224544
San Marino,SMR,Bank liquid reserves to bank assets ratio (%),FD.RES.LIQU.AS.ZS,,,,,,,,,,,,,,,,,,,,,,,,,,,,,,,,,,,,,,,,,,,,,,,,,,,,,,,,,,,,,,
Somalia,SOM,Bank liquid reserves to bank assets ratio (%),FD.RES.LIQU.AS.ZS,,,,,,,,,,,,,,,,,,,,,,,,,,,,,,,,,,,,,,,,,,,,,,,,,,,,,,,,,,,,,,
Serbia,SRB,Bank liquid reserves to bank assets ratio (%),FD.RES.LIQU.AS.ZS,,,,,,,,,,,,,,,,,,,,,,,,,,,,,,,,,,,,,,,,,,18.84653404,29.65035958,25.77563669,24.87599033,35.67413128,72.02355631,60.67675447,41.03243295,39.91718328,25.87272261,31.78020056,25.67303525,30.40853103,20.9787316,23.30705905,20.94706981,20.85744659,22.35176856,23.51193994,24.13149095,22.66285447
Sub-Saharan Africa (excluding high income),SSA,Bank liquid reserves to bank assets ratio (%),FD.RES.LIQU.AS.ZS,,,,,,,,,,,,,,,,,,,,,,,,,,,,,,,,,,,,,,,,,,15.1480563,17.22298176,16.89267539,18.14905811,18.86950776,17.61757266,19.42946429,17.53018701,19.03556207,19.15501896,17.02397149,18.40068321,21.04245881,19.46764515,18.54060055,18.07206034,18.83112625,18.25527099,18.82349279,18.566681,17.3591436
South Sudan,SSD,Bank liquid reserves to bank assets ratio (%),FD.RES.LIQU.AS.ZS,,,,,,,,,,,,,,,,,,,,,,,,,,,,,,,,,,,,,,,,,,,,,,,,,,,,249.6356788,179.1975052,154.0739403,217.7137882,390.1100495,284.5383959,190.3431612,119.3292662,116.9003094,165.5227778,121.0871605
Sub-Saharan Africa,SSF,Bank liquid reserves to bank assets ratio (%),FD.RES.LIQU.AS.ZS,,,,,,,,,,,,,,,,,,,,,,,,,,,,,,,,,,,,,,,,,,16.42884314,17.40370573,16.68074752,17.37911927,18.45668376,18.11098719,19.35570521,17.1927781,18.44426568,18.41313767,16.89607273,18.18874493,20.59650444,18.59152771,18.47435429,17.72384188,17.21778014,18.05689049,18.71643199,18.46837533,18.01944195
Small states,SST,Bank liquid reserves to bank assets ratio (%),FD.RES.LIQU.AS.ZS,,,,,,,,,,,,,,,,,,,,,,,,,,,,,,,,,,,,,,,,,,13.22987891,11.58482781,12.63112959,10.62629895,10.10330804,10.31689215,12.0532459,9.834088505,14.67699956,15.31945584,13.50527268,16.13026665,17.65634499,16.97197861,18.4288019,16.97627499,16.0743982,17.79224255,19.16511803,21.45187027,19.90838116
Sao Tome and Principe,STP,Bank liquid reserves to bank assets ratio (%),FD.RES.LIQU.AS.ZS,,,,,,,,,,,,,,,,,,,,,,,,,,,,,,,,,,,,,,,,,,74.40068707,64.18562348,77.60227672,24.07778603,28.10809622,26.03739937,29.27217078,27.85103636,29.85618825,20.39155486,15.9302751,18.79059206,32.17869029,30.70244264,37.87651502,40.8000721,43.98761821,39.7649711,37.72758267,58.70365139,
Suriname,SUR,Bank liquid reserves to bank assets ratio (%),FD.RES.LIQU.AS.ZS,,,,,,,,,,,,,,,,,,,,,,,,,,,,,,,,,,,,,,,,,,22.32612731,28.91304703,20.8617041,17.18312231,15.02300749,16.83807972,17.4325885,16.06228829,19.69733362,18.74812287,14.52649693,20.13887888,19.43731928,15.16218846,15.84848871,14.12470659,16.0743982,22.15916694,63.82973562,59.54186629,71.38632086
Slovak Republic,SVK,Bank liquid reserves to bank assets ratio (%),FD.RES.LIQU.AS.ZS,,,,,,,,,,,,,,,,,,,,,,,,,,,,,,,,,,,,,,,,,,,,,,,,,,,,,,,,,,,,,,
Slovenia,SVN,Bank liquid reserves to bank assets ratio (%),FD.RES.LIQU.AS.ZS,,,,,,,,,,,,,,,,,,,,,,,,,,,,,,,,,,,,,,,,,,,,,,,,,,,,,,,,,,,,,,
Sweden,SWE,Bank liquid reserves to bank assets ratio (%),FD.RES.LIQU.AS.ZS,,,,,,,,,,,,,,,,,,,,,,,,,,,,,,,,,,,,,,,,,,0.506012254,0.36236686,0.577788305,0.394815855,0.235793138,0.227569849,0.246669218,3.65441728,5.161523644,0.204754696,0.309848229,0.451850929,0.557829482,0.562680122,2.323920418,3.259431019,3.885995582,4.468611077,4.08809657,8.098120706,10.12152933
Eswatini,SWZ,Bank liquid reserves to bank assets ratio (%),FD.RES.LIQU.AS.ZS,,,,,,,,,,,,,,,,,,,,,,,,,,,,,,,,,,,,,,,,,,5.801915675,7.712289104,7.308662057,5.972537954,5.193755692,6.769915164,8.27166959,8.407871717,10.46037819,12.49735292,10.35705689,9.856242204,9.1154374,10.55011732,11.79375851,12.86098952,11.73041827,14.27190634,21.33275823,23.75547113,20.79382534
Sint Maarten (Dutch part),SXM,Bank liquid reserves to bank assets ratio (%),FD.RES.LIQU.AS.ZS,,,,,,,,,,,,,,,,,,,,,,,,,,,,,,,,,,,,,,,,,,,,,,,,,,,,,,,,,,,,,,
Seychelles,SYC,Bank liquid reserves to bank assets ratio (%),FD.RES.LIQU.AS.ZS,,,,,,,,,,,,,,,,,,,,,,,,,,,,,,,,,,,,,,,,,,16.69265666,29.82245882,12.63112959,10.19691672,13.72575107,26.13897908,14.22563891,7.891719484,9.18118176,12.70468124,8.533345828,8.840036517,8.508713166,7.58286005,10.68564586,12.12583989,13.44452468,11.58373718,14.62921784,14.21747934,19.1683841
Syrian Arab Republic,SYR,Bank liquid reserves to bank assets ratio (%),FD.RES.LIQU.AS.ZS,,,,,,,,,,,,,,,,,,,,,,,,,,,,,,,,,,,,,,,,,,5.471860889,8.721100452,9.824348741,12.34793559,10.36752519,12.6308101,18.77917618,21.45672392,25.44595511,22.89557097,14.33255415,,,,,,,,,,
Turks and Caicos Islands,TCA,Bank liquid reserves to bank assets ratio (%),FD.RES.LIQU.AS.ZS,,,,,,,,,,,,,,,,,,,,,,,,,,,,,,,,,,,,,,,,,,,,,,,,,,,,,,,,,,,,,,
Chad,TCD,Bank liquid reserves to bank assets ratio (%),FD.RES.LIQU.AS.ZS,,,,,,,,,,,,,,,,,,,,,,,,,,,,,,,,,,,,,,,,,,13.65192288,24.05530809,16.68074752,25.33546554,19.32651728,43.67232409,37.58312525,28.83691371,25.96884178,27.08282192,35.30773699,33.56432264,27.69776326,27.93355344,29.05997625,7.52663852,11.22775485,14.59559988,26.89389712,,
East Asia & Pacific (IDA & IBRD countries),TEA,Bank liquid reserves to bank assets ratio (%),FD.RES.LIQU.AS.ZS,,,,,,,,,,,,,,,,,,,,,,,,,,,,,,,,,,,,,,,,,,16.54085163,15.95462666,18.80786802,23.42791628,18.20320039,20.01333417,19.57285089,16.86784833,24.48386987,29.7122898,32.26404571,26.28757222,22.4230111,21.92555906,20.95883638,23.00248636,24.30332325,22.71460264,23.83486663,28.33349373,27.28941473
Europe & Central Asia (IDA & IBRD countries),TEC,Bank liquid reserves to bank assets ratio (%),FD.RES.LIQU.AS.ZS,,,,,,,,,,,,,,,,,,,,,,,,,,,,,,,,,,,,,,,,,,16.35972076,12.58275844,13.89192888,17.92724293,18.85910326,18.53072873,17.80362148,14.55413525,14.45720996,14.87519016,18.08505613,17.9868386,17.84681155,15.93378279,19.10877466,20.90593263,20.29608428,19.22519991,18.91256444,20.48913623,24.08677733
Togo,TGO,Bank liquid reserves to bank assets ratio (%),FD.RES.LIQU.AS.ZS,,,,,,,,,,,,,,,,,,,,,,,,,,,,,,,,,,,,,,,,,,7.762933546,13.48234254,13.78949801,11.65494834,7.476485175,8.967622479,7.933843019,11.76057723,11.19589139,14.32491615,15.84194196,8.949773079,7.417966001,8.206906473,7.216370971,8.342907645,4.846077081,6.531905318,6.561902112,9.074986678,5.959568454
Thailand,THA,Bank liquid reserves to bank assets ratio (%),FD.RES.LIQU.AS.ZS,,,,,,,,,,,,,,,,,,,,,,,,,,,,,,,,,,,,,,,,,,7.093831842,5.880871444,8.536370234,9.255849139,8.812522633,10.72481279,12.0976471,18.30134943,22.13461336,22.99218645,21.08885388,20.50048348,19.05034875,19.18870158,17.25046055,18.9408024,19.56550129,17.98982971,20.19235295,21.692032,19.6316111
Tajikistan,TJK,Bank liquid reserves to bank assets ratio (%),FD.RES.LIQU.AS.ZS,,,,,,,,,,,,,,,,,,,,,,,,,,,,,,,,,,,,,,,,,,10.71560588,10.98912098,14.04880467,31.88690028,26.07022832,15.04137503,12.12526796,14.74578302,26.88719649,33.35429482,25.94153416,28.20911484,19.68497737,19.77408262,22.83092358,37.8905707,37.47634143,45.07682686,37.5632192,39.24749014,32.48915378
Turkmenistan,TKM,Bank liquid reserves to bank assets ratio (%),FD.RES.LIQU.AS.ZS,,,,,,,,,,,,,,,,,,,,,,,,,,,,,,,,,,,,,,,,,,,,,,,,,,,,,,,,,,,,,,
Latin America & the Caribbean (IDA & IBRD countries),TLA,Bank liquid reserves to bank assets ratio (%),FD.RES.LIQU.AS.ZS,,,,,,,,,,,,,,,,,,,,,,,,,,,,,,,,,,,,,,,,,,15.77499476,17.15082131,18.20871317,17.87905581,17.41535878,16.83807972,17.4325885,16.23759983,20.6696382,22.89179788,20.22102955,20.13887888,21.06491908,22.17842622,22.85800582,22.22456077,20.50570601,20.97325058,21.24881095,21.87775559,22.22670034
Timor-Leste,TLS,Bank liquid reserves to bank assets ratio (%),FD.RES.LIQU.AS.ZS,,,,,,,,,,,,,,,,,,,,,,,,,,,,,,,,,,,,,,,,,,,11.98832936,7.115258589,4.553965201,2.79309219,3.718265902,7.324419667,7.142914102,16.5860296,13.55210023,9.681872182,17.86243166,12.00065495,19.26249446,12.59919658,8.122074494,15.31853786,14.65611329,8.713132533,9.577885477,19.59655136
Middle East & North Africa (IDA & IBRD countries),TMN,Bank liquid reserves to bank assets ratio (%),FD.RES.LIQU.AS.ZS,,,,,,,,,,,,,,,,,,,,,,,,,,,,,,,,,,,,,,,,,,,9.867468456,12.49931297,16.96275623,15.15398513,13.68195822,18.77917618,21.45672392,25.44595511,22.89557097,14.33255415,10.69717961,17.51593097,29.28807142,33.08984238,17.46490177,23.02036438,19.43222755,17.45854683,14.6126163,22.64119953
Tonga,TON,Bank liquid reserves to bank assets ratio (%),FD.RES.LIQU.AS.ZS,,,,,,,,,,,,,,,,,,,,,,,,,,,,,,,,,,,,,,,,,,16.54085163,19.68175706,13.60924983,26.22073516,14.56917244,16.19981326,17.36979068,15.43434724,23.67294131,28.45288504,46.12290735,57.6775806,56.40455864,60.71243724,57.69816818,52.51213143,47.02271799,47.09493724,43.59826258,59.26458163,89.44236496
South Asia (IDA & IBRD),TSA,Bank liquid reserves to bank assets ratio (%),FD.RES.LIQU.AS.ZS,,,,,,,,,,,,,,,,,,,,,,,,,,,,,,,,,,,,,,,,,,16.7449346,18.08806052,13.00801386,12.3895079,11.88917069,11.48024062,12.40643297,12.51927261,16.03893431,13.58691421,14.87015606,12.84702101,14.56476478,11.46941674,13.74929376,14.728175,12.6463137,12.42738567,15.46655539,26.41791097,11.49946519
Sub-Saharan Africa (IDA & IBRD countries),TSS,Bank liquid reserves to bank assets ratio (%),FD.RES.LIQU.AS.ZS,,,,,,,,,,,,,,,,,,,,,,,,,,,,,,,,,,,,,,,,,,16.42884314,17.40370573,16.68074752,17.37911927,18.45668376,18.11098719,19.35570521,17.1927781,18.44426568,18.41313767,16.89607273,18.18874493,20.59650444,18.59152771,18.47435429,17.72384188,17.21778014,18.05689049,18.71643199,18.46837533,18.01944195
Trinidad and Tobago,TTO,Bank liquid reserves to bank assets ratio (%),FD.RES.LIQU.AS.ZS,,,,,,,,,,,,,,,,,,,,,,,,,,,,,,,,,,,,,,,,,,13.22987891,11.18132626,10.59087281,9.068872592,9.640956254,10.07583147,9.899379109,16.23759983,20.01361704,22.89179788,28.98475081,28.07351719,32.68767236,31.81048443,25.36340795,22.16344153,19.42310804,17.54686953,21.2778251,22.10432088,15.38080495
Tunisia,TUN,Bank liquid reserves to bank assets ratio (%),FD.RES.LIQU.AS.ZS,,,,,,,,,,,,,,,,,,,,,,,,,,,,,,,,,,,,,,,,,,4.051715349,3.386692698,3.368647686,3.98271251,4.835673183,6.318451244,7.255545599,10.23071836,10.79217336,6.306603449,5.015986345,7.944344785,6.342027474,4.061942296,3.703703733,3.636876888,4.496111509,8.033587195,8.59321026,7.329061013,6.84420979
Turkiye,TUR,Bank liquid reserves to bank assets ratio (%),FD.RES.LIQU.AS.ZS,,,,,,,,,,,,,,,,,,,,,,,,,,,,,,,,,,,,,,,,,,20.44156565,27.11787892,23.51847052,17.55875167,19.05551908,14.84025615,13.90494584,15.86254509,14.52009174,10.90847478,12.85255171,16.05781864,17.08226025,16.23631311,15.76466519,14.99446924,14.9108167,12.97687453,12.1998038,15.01273419,21.85813385
Tuvalu,TUV,Bank liquid reserves to bank assets ratio (%),FD.RES.LIQU.AS.ZS,,,,,,,,,,,,,,,,,,,,,,,,,,,,,,,,,,,,,,,,,,,,,,,,,,,,,,,,,,,,,,
Tanzania,TZA,Bank liquid reserves to bank assets ratio (%),FD.RES.LIQU.AS.ZS,,,,,,,,,,,,,,,,,,,,,,,,,,,,,,,,,,,,,,,,,,20.66057082,17.5844297,16.17312546,18.91899695,17.96744679,15.54084755,21.90660159,18.12692568,23.55208278,22.88686424,23.53608062,22.04263813,21.48841318,22.21949334,22.85744058,20.03914733,22.5059817,19.1512378,16.79333412,13.75637272,
Uganda,UGA,Bank liquid reserves to bank assets ratio (%),FD.RES.LIQU.AS.ZS,,,,,,,,,,,,,,,,,,,,,,,,,,,,,,,,,,,,,,,,,,22.46950517,18.66311426,14.05202159,20.54689733,22.52524692,17.61757266,15.16431343,15.6795501,17.51201582,16.61498278,14.12869129,18.18874493,20.59650444,23.63910352,18.17093382,23.42668269,33.63763134,23.25285473,28.05893691,22.42062775,22.11742345
Ukraine,UKR,Bank liquid reserves to bank assets ratio (%),FD.RES.LIQU.AS.ZS,,,,,,,,,,,,,,,,,,,,,,,,,,,,,,,,,,,,,,,,,,16.31164021,9.31045182,8.956931319,11.06864664,15.00360189,8.205250727,7.08628964,4.229176008,4.948230761,6.298059939,5.808086068,5.488741911,7.006844926,5.768565216,11.66001808,11.35988471,11.15788656,10.73954666,22.38327439,20.78118603,24.35770145
Upper middle income,UMC,Bank liquid reserves to bank assets ratio (%),FD.RES.LIQU.AS.ZS,,,,,,,,,,,,,,,,,,,,,,,,,,,,,,,,,,,,,,,,,,15.05285539,14.72240346,14.38578452,17.92724293,18.85910326,18.46563483,17.36979068,15.86254509,19.69733362,18.86834097,20.22102955,19.03621196,19.24383402,17.06636643,20.35888989,21.33705207,19.71894691,19.56426848,19.69985523,21.52879328,22.652027
Uruguay,URY,Bank liquid reserves to bank assets ratio (%),FD.RES.LIQU.AS.ZS,,,,,,,,,,,,,,,,,,,,,,,,,,,,,,,,,,,,,,,,,,13.25746198,13.07017549,23.16928645,23.26460608,29.53600162,30.0768917,30.91646452,40.29924895,36.93259484,26.67377837,28.88667445,37.22723026,39.07341189,39.83329273,32.51127609,32.00746973,37.82195973,36.31747289,34.13235875,35.49290524,35.29842423
United States,USA,Bank liquid reserves to bank assets ratio (%),FD.RES.LIQU.AS.ZS,,,,,,,,,,,,,,,,,,,,,,,,,,,,,,,,,,,,,,,,,,0.790624676,0.823579637,0.780405784,0.695491439,0.671892332,0.625704702,0.617943778,5.974615987,7.001171832,7.145696378,11.23227377,10.60530208,15.72797704,16.57760984,14.01416569,12.27692529,12.60368604,9.681531001,9.139697887,15.43271764,
Uzbekistan,UZB,Bank liquid reserves to bank assets ratio (%),FD.RES.LIQU.AS.ZS,,,,,,,,,,,,,,,,,,,,,,,,,,,,,,,,,,,,,,,,,,,,,,,,,,,,,,17.92909213,15.63125247,20.88412959,19.19697603,11.58779584,6.589069543,7.364705646,8.00780914,13.15527364
St. Vincent and the Grenadines,VCT,Bank liquid reserves to bank assets ratio (%),FD.RES.LIQU.AS.ZS,,,,,,,,,,,,,,,,,,,,,,,,,,,,,,,,,,,,,,,,,,15.05285539,10.96174418,9.585504837,8.978602021,7.955807531,7.885669458,9.667139088,9.44136021,8.007251361,15.28070363,11.78878354,15.7046635,19.75550379,25.8779486,27.32530479,26.62232182,24.54800769,23.93599437,22.06858954,23.16442113,27.82139815
"Venezuela, RB",VEN,Bank liquid reserves to bank assets ratio (%),FD.RES.LIQU.AS.ZS,,,,,,,,,,,,,,,,,,,,,,,,,,,,,,,,,,,,,,,,,,34.94949538,34.17370263,96.80160606,59.06004486,53.9231743,83.62527287,46.25328786,52.91620487,42.43429264,44.85658801,43.26413098,44.19797715,47.29161749,48.69783987,45.98883387,,,,,,
British Virgin Islands,VGB,Bank liquid reserves to bank assets ratio (%),FD.RES.LIQU.AS.ZS,,,,,,,,,,,,,,,,,,,,,,,,,,,,,,,,,,,,,,,,,,,,,,,,,,,,,,,,,,,,,,
Virgin Islands (U.S.),VIR,Bank liquid reserves to bank assets ratio (%),FD.RES.LIQU.AS.ZS,,,,,,,,,,,,,,,,,,,,,,,,,,,,,,,,,,,,,,,,,,,,,,,,,,,,,,,,,,,,,,
Vietnam,VNM,Bank liquid reserves to bank assets ratio (%),FD.RES.LIQU.AS.ZS,,,,,,,,,,,,,,,,,,,,,,,,,,,,,,,,,,,,,,,,,,,,,,,,,,,,,,,,,,,,,,
Vanuatu,VUT,Bank liquid reserves to bank assets ratio (%),FD.RES.LIQU.AS.ZS,,,,,,,,,,,,,,,,,,,,,,,,,,,,,,,,,,,,,,,,,,7.909914644,6.924872247,6.780738911,8.83184345,8.060189057,12.83977177,12.0532459,9.834088505,9.340055597,11.95977748,13.50527268,13.91520606,17.65634499,17.08468194,20.34413366,24.23141921,36.85042732,41.53840406,48.78210982,49.19256989,56.25285235
World,WLD,Bank liquid reserves to bank assets ratio (%),FD.RES.LIQU.AS.ZS,,,,,,,,,,,,,,,,,,,,,,,,,,,,,,,,,,,,,,,,,,13.65192288,13.44377603,13.83148816,16.07890613,14.47598719,15.00883127,15.95699829,14.0990903,17.57994977,17.46988773,15.68618607,17.28274254,17.92909213,16.97354459,18.4288019,18.4202788,18.72737716,17.84354459,18.60683046,19.45898186,20.78059519
Samoa,WSM,Bank liquid reserves to bank assets ratio (%),FD.RES.LIQU.AS.ZS,,,,,,,,,,,,,,,,,,,,,,,,,,,,,,,,,,,,,,,,,,12.05750169,17.09115882,21.54558501,23.89766594,14.38280194,7.322013801,11.59791829,13.24921468,23.06117955,25.59273054,12.49266262,13.43310292,17.84173199,17.94078442,20.76210231,13.20170824,17.73454416,23.45712873,26.12281044,29.30874284,27.06407124
Kosovo,XKX,Bank liquid reserves to bank assets ratio (%),FD.RES.LIQU.AS.ZS,,,,,,,,,,,,,,,,,,,,,,,,,,,,,,,,,,,,,,,,,,52.8514687,11.02646931,11.79096176,10.29265723,9.48387921,8.608888847,8.529855118,8.632627021,12.45095094,9.390611701,9.435550601,12.70164218,13.11139944,12.17452514,11.45647765,9.840683864,10.36993789,9.972315625,10.66008882,13.00891769,12.16613356
"Yemen, Rep.",YEM,Bank liquid reserves to bank assets ratio (%),FD.RES.LIQU.AS.ZS,,,,,,,,,,,,,,,,,,,,,,,,,,,,,,,,,,,,,,,,,,,,,,,,,,,,,,,,,,,,,,
South Africa,ZAF,Bank liquid reserves to bank assets ratio (%),FD.RES.LIQU.AS.ZS,,,,,,,,,,,,,,,,,,,,,,,,,,,,,,,,,,,,,,,,,,3.779575713,9.653452619,3.740173261,3.668346026,3.278153895,3.01715308,3.379878044,3.346201807,3.502298564,3.934741272,3.981097635,3.526830744,3.540188544,3.4530617,3.13847283,3.498897551,3.464246054,3.330655853,3.386051651,3.197033055,3.313690063
Zambia,ZMB,Bank liquid reserves to bank assets ratio (%),FD.RES.LIQU.AS.ZS,,,,,,,,,,,,,,,,,,,,,,,,,,,,,,,,,,,,,,,,,,23.14562924,31.56844831,30.45147023,29.4879568,39.32707519,38.6233055,28.01709203,27.83307677,29.21258211,38.8537217,17.15187025,25.93391547,28.43768648,31.93540994,29.4533554,35.35842761,20.75505544,14.44158324,18.87946352,23.00301195,34.4014658
Zimbabwe,ZWE,Bank liquid reserves to bank assets ratio (%),FD.RES.LIQU.AS.ZS,,,,,,,,,,,,,,,,,,,,,,,,,,,,,,,,,,,,,,,,,,,,,,,,,,15.8732316,11.7449767,10.66136692,9.589785187,9.272684493,10.97160617,18.19101872,41.2679586,61.74824705,86.81289882,58.08392714,46.78786209,29.77950698
